release_id,material_id,si_no,formula,G_GPa,E_tilde_GPa,xi_G_over_Etilde,thermal_expansion_class,selected_class_100K,source,source_raw,source_group_s2,method,year,reference_id,crystal_system,crystal_system_100K,phase_crystal_system_100K,calculated_crystal_system,symmetry_subset,strict_cubic_100K,figure_domain_100K,phase_status_100K,provisional,label_candidate,label_text,mechanical_run_id,thermal_run_id,feature_run_id,feature_stale
ws-20260903T041335420016Z-rebuild,0001,1,Cd(CN)2 (Zn_xCd_{1-x}(CN)2 family endpoint),3.143191,11.98188218299993,0.26232865187571325,NTE,NTE,Exp.,Exp.,Literature,Exp.,2005,goodwinNegativeThermalExpansion2005,cubic,cubic,cubic,cubic,cubic,True,cubic,calculated_structure_fallback_cubic,True,True,Cd(CN)2 (Zn_xCd_{1-x}(CN)2 family endpoint) (2005),legacy_master_v11_20260805:0001,legacy_selected_v11_20260805:0001,phase_feature_recomputed_342_20260810_r12,False
ws-20260903T041335420016Z-rebuild,0002,2,beta-CuZnV2O7 (equivalent stoichiometry to V2ZnCuO7),26.191612319025545,15.123865676757552,1.7318067271171929,NTE,NTE,Exp.,Exp.,Literature,Exp. (variable-temperature XRD/dilatometry; Raman and phonon interpretation),2022,haoNearzeroThermalExpansion2022,monoclinic,monoclinic,monoclinic,monoclinic,non_cubic,False,non_cubic,accepted_ordered_P21c_proxy_with_C2c_literature_parent,True,False,,wsl_agv_cuznv2o7_p21c_ordered_proxy_symred5_20260806_r3:elastic,legacy_selected_v11_20260805:0002,phase_feature_recomputed_342_20260810_r12,False
ws-20260903T041335420016Z-rebuild,0003,3,NbPO5,50.99800282664771,21.90513649781931,2.3281298809402373,PTE,PTE,Exp.,Exp.,Literature,Exp. (phase-resolved variable-temperature diffraction),2001,amosNegativeThermalExpansionOrthorhombic2001,monoclinic,monoclinic,monoclinic,monoclinic,non_cubic,False,non_cubic,accepted_low_temperature_P21c_phase,True,False,,wsl_agv_nbopo4_p21c_5m_symred5_r2_20260807:elastic,wsl_agv_nbopo4_p21c_5m_symred5_r2_20260807,phase_feature_recomputed_342_20260810_r12,False
ws-20260903T041335420016Z-rebuild,0004,4,beta-Cu2V2O7 (equivalent stoichiometry to V2Cu2O7),24.278041,16.165989921879646,1.5017973608372233,NTE,NTE,Exp.,Exp.,Literature,Exp. (variable-temperature XRD),2019,wangNegativeThermalExpansionBetaCu2V2O72019,monoclinic,monoclinic,monoclinic,monoclinic,non_cubic,False,non_cubic,existing_non_cubic_classification,True,False,,legacy_master_v11_20260805:0004,legacy_selected_v11_20260805:0004,phase_feature_recomputed_342_20260810_r12,False
ws-20260903T041335420016Z-rebuild,0005,5,HfV2O7,31.200941,18.401070044702212,1.6956047079981065,NTE,NTE,Exp.,Exp.,Literature,Exp.,2011,yamamuraNegativeThermalExpansionEmerging2011,cubic,cubic,cubic,cubic,cubic,True,cubic,experimentally_defensible_cubic,True,True,HfV2O7 (2011),legacy_master_v11_20260805:0005,legacy_selected_v11_20260805:0005,phase_feature_recomputed_342_20260810_r12,False
ws-20260903T041335420016Z-rebuild,0006,6,ZrV2O7,28.332387,17.69125165793773,1.6014913782139204,NTE,NTE,Exp.,Exp.,Literature,Exp.,1995,korthuisNegativeThermalExpansion1995,cubic,cubic,cubic,cubic,cubic,True,cubic,experimentally_defensible_cubic,True,True,ZrV2O7 (1995),legacy_master_v11_20260805:0006,legacy_selected_v11_20260805:0006,phase_feature_recomputed_342_20260810_r12,False
ws-20260903T041335420016Z-rebuild,0007,7,TaVO5,30.365546684407263,20.30830342,1.4952281368074647,PTE,PTE,Exp.,Exp.,Literature,Exp.,2011,wangPhaseTransformationNegative2011,orthorhombic,orthorhombic,orthorhombic,monoclinic,non_cubic,False,non_cubic,existing_non_cubic_classification,True,False,,phaseaudit_mattersim_agv_20260806_0007,literature:wangPhaseTransformationNegative2011:low_temperature_P21c,phase_feature_recomputed_342_20260810_r12,False
ws-20260903T041335420016Z-rebuild,0008,8,NbVO5,38.363185,18.886771432513576,2.0312198480867822,NTE,NTE,Exp.,Exp.,Literature,Exp.,2011,wangCoprecipitationSynthesisNegative2011,orthorhombic,orthorhombic,orthorhombic,orthorhombic,non_cubic,False,non_cubic,existing_non_cubic_classification,True,False,,legacy_master_v11_20260805:0008,legacy_selected_v11_20260805:0008,phase_feature_recomputed_342_20260810_r12,False
ws-20260903T041335420016Z-rebuild,0009,9,Zn(CN)2,4.982407854649196,16.1404501,0.30869076288332237,NTE,NTE,Exp.,Exp.,Literature,"Exp. (single-crystal XRD, approximately 4 K intervals)",2005,goodwinNegativeThermalExpansion2005,cubic,cubic,cubic,cubic,cubic,True,cubic,experimentally_verified_disordered_cubic_Pn3m_with_ordered_proxy,False,True,Zn(CN)2 (2005),phaseaudit_mattersim_agv_20260806_0009,phaseaudit_mattersim_agv_20260806_0009,phase_feature_recomputed_342_20260810_r12,False
ws-20260903T041335420016Z-rebuild,0010,10,CaZr4(PO4)6,44.375024,20.319065299532056,2.1839106940131714,NTE,NTE,Exp.,Exp.,Literature,Exp.,1987,limayeSynthesisThermalExpansion1987,trigonal,trigonal,trigonal,trigonal,non_cubic,False,non_cubic,existing_non_cubic_classification,True,False,,legacy_master_v11_20260805:0010,legacy_selected_v11_20260805:0010,phase_feature_recomputed_342_20260810_r12,False
ws-20260903T041335420016Z-rebuild,0011,11,Ag2O,1.264381,9.779067021961012,0.12929464509861305,NTE,NTE,Exp.,Exp.,Literature,Exp.,2005,kennedyNegativeThermalExpansion2005,cubic,cubic,cubic,cubic,cubic,True,cubic,experimentally_defensible_cubic,True,True,Ag2O (2005),legacy_master_v11_20260805:0011,legacy_selected_v11_20260805:0011,phase_feature_recomputed_342_20260810_r12,False
ws-20260903T041335420016Z-rebuild,0012,12,NaTi2(PO4)3,55.774256,20.119013043055574,2.77221630507623,PTE,PTE,Exp.,Exp.,Literature,Exp.,1989,rodrigoThermalExpansionNaTi2PO431989,trigonal,trigonal,trigonal,trigonal,non_cubic,False,non_cubic,existing_non_cubic_classification,True,False,,legacy_master_v11_20260805:0012,literature:rodrigoThermalExpansionNaTi2PO431989:volumetric,phase_feature_recomputed_342_20260810_r12,False
ws-20260903T041335420016Z-rebuild,0013,13,In2(WO4)3,81.14988125019363,13.76466318,5.895522483114886,PTE,PTE,Exp.,Exp.,Literature,Exp.,2014,liuPhaseTransitionNegativeThermal2014,orthorhombic,orthorhombic,orthorhombic,monoclinic,non_cubic,False,non_cubic,existing_non_cubic_classification,True,False,,phaseaudit_mattersim_agv_20260806_0013,legacy_selected_v11_20260805:0013,phase_feature_recomputed_342_20260810_r12,False
ws-20260903T041335420016Z-rebuild,0014,14,CaZrF6,16.462648,14.936468335821283,1.1021780805117478,NTE,NTE,DFT,DFT,Literature,DFT,2018,guptaNegativeThermalExpansion2018,cubic,cubic,cubic,cubic,cubic,True,cubic,supported_cubic_computational_model,True,True,CaZrF6 (2018),legacy_master_v11_20260805:0014,legacy_selected_v11_20260805:0014,phase_feature_recomputed_342_20260810_r12,False
ws-20260903T041335420016Z-rebuild,0016,16,AsWO5,15.346369,14.706257741167951,1.0435264545269156,NTE,NTE,This work,This work,This work,This work (isotropic QHA),,,monoclinic,monoclinic,monoclinic,triclinic,non_cubic,False,non_cubic,root POSCAR/Materials Project SG4 structure; elastic calculation copy retained as P1,True,False,,legacy_master_v11_20260805:0016,legacy_selected_v11_20260805:0016,phase_feature_recomputed_342_20260810_r12,False
ws-20260903T041335420016Z-rebuild,0018,18,CaW2O7,12.935484,14.254811601316879,0.9074468580703657,NTE,NTE,This work,This work,This work,This work,,,triclinic,triclinic,triclinic,triclinic,non_cubic,False,non_cubic,existing_non_cubic_classification,True,False,,legacy_master_v11_20260805:0018,legacy_selected_v11_20260805:0018,phase_feature_recomputed_342_20260810_r12,False
ws-20260903T041335420016Z-rebuild,0019,19,CoPO4,7.110171,17.134837050365316,0.4149541066016972,NTE,NTE,This work,This work,This work,This work,,,orthorhombic,orthorhombic,orthorhombic,orthorhombic,non_cubic,False,non_cubic,existing_non_cubic_classification,True,False,,legacy_master_v11_20260805:0019,legacy_selected_v11_20260805:0019,phase_feature_recomputed_342_20260810_r12,False
ws-20260903T041335420016Z-rebuild,0020,20,CaNbF6,26.386372,14.42611775869986,1.8290695002879311,NTE,NTE,Exp.,Exp.,Literature,Exp.,2017,hesterCompositionResponsePressure2017,cubic,cubic,cubic,cubic,cubic,True,cubic,experimentally_defensible_cubic,True,True,CaNbF6 (2017),legacy_master_v11_20260805:0020,legacy_selected_v11_20260805:0020,phase_feature_recomputed_342_20260810_r12,False
ws-20260903T041335420016Z-rebuild,0021,21,GaP2O9,10.966369,15.902569390336641,0.689597305367762,NTE,NTE,This work,This work,This work,This work,,,monoclinic,monoclinic,monoclinic,monoclinic,non_cubic,False,non_cubic,existing_non_cubic_classification,True,False,,legacy_master_v11_20260805:0021,legacy_selected_v11_20260805:0021,phase_feature_recomputed_342_20260810_r12,False
ws-20260903T041335420016Z-rebuild,0022,22,ZrVF6,30.982869,16.465182336476598,1.8817203701025067,NTE,NTE,This work,This work,This work,This work,,,cubic,cubic,cubic,cubic,cubic,True,cubic,this_work_cubic_structural_model,False,False,,legacy_master_v11_20260805:0022,legacy_selected_v11_20260805:0022,phase_feature_recomputed_342_20260810_r12,False
ws-20260903T041335420016Z-rebuild,0023,23,ZrTiF6,55.773076,16.601919900261596,3.359435314413316,NTE,NTE,This work,This work,This work,This work,,,cubic,cubic,cubic,cubic,cubic,True,cubic,this_work_cubic_structural_model,False,False,,legacy_master_v11_20260805:0023,legacy_selected_v11_20260805:0023,phase_feature_recomputed_342_20260810_r12,False
ws-20260903T041335420016Z-rebuild,0025,25,MgF2,11.858263,11.630492885018736,1.0195838746674835,NTE,NTE,This work,This work,This work,This work,,,orthorhombic,orthorhombic,orthorhombic,orthorhombic,non_cubic,False,non_cubic,existing_non_cubic_classification,True,False,,legacy_master_v11_20260805:0025,legacy_selected_v11_20260805:0025,phase_feature_recomputed_342_20260810_r12,False
ws-20260903T041335420016Z-rebuild,0026,26,TiF3,35.383898,18.463263828962592,1.9164487020163077,NTE,NTE,This work,This work,This work,This work,,,trigonal,trigonal,trigonal,trigonal,non_cubic,False,non_cubic,existing_non_cubic_classification,True,False,,legacy_master_v11_20260805:0026,legacy_selected_v11_20260805:0026,phase_feature_recomputed_342_20260810_r12,False
ws-20260903T041335420016Z-rebuild,0027,27,TaF3,27.010006,15.015635115166509,1.798792111878012,NTE,NTE,This work,This work,This work,This work,,,cubic,cubic,cubic,cubic,cubic,True,cubic,this_work_cubic_structural_model,False,False,,legacy_master_v11_20260805:0027,legacy_selected_v11_20260805:0027,phase_feature_recomputed_342_20260810_r12,False
ws-20260903T041335420016Z-rebuild,0028,28,GaFe(CN)6,13.078086,18.858388099237725,0.6934890686934495,NTE,NTE,Exp.,Exp.,Literature,mixed Exp./DFT,2018,gaoLowFrequencyPhononDriven2018,cubic,cubic,cubic,cubic,cubic,True,cubic,experimentally_defensible_cubic,True,True,GaFe(CN)6 (2018),legacy_master_v11_20260805:0028,legacy_selected_v11_20260805:0028,phase_feature_recomputed_342_20260810_r12,False
ws-20260903T041335420016Z-rebuild,0029,29,NbF3,27.297294,14.806085583233793,1.843653668388293,NTE,NTE,DFT,DFT,Literature,DFT,2021,zhangNegativeThermalExpansion2021,cubic,cubic,cubic,cubic,cubic,True,cubic,supported_cubic_computational_model,True,True,NbF3 (2021),legacy_master_v11_20260805:0029,legacy_selected_v11_20260805:0029,phase_feature_recomputed_342_20260810_r12,False
ws-20260903T041335420016Z-rebuild,0030,30,MoF3,32.586858,12.097021000714053,2.6937919673014115,NTE,NTE,This work,This work,This work,This work,,,cubic,cubic,cubic,cubic,cubic,True,cubic,this_work_cubic_structural_model,False,False,,legacy_master_v11_20260805:0030,legacy_selected_v11_20260805:0030,phase_feature_recomputed_342_20260810_r12,False
ws-20260903T041335420016Z-rebuild,0031,31,Fe(CN)3,9.278421,20.426224369593005,0.454240628719035,NTE,NTE,This work,This work,This work,This work,,,cubic,cubic,cubic,cubic,cubic,True,cubic,this_work_cubic_structural_model,False,False,,legacy_master_v11_20260805:0031,legacy_selected_v11_20260805:0031,phase_feature_recomputed_342_20260810_r12,False
ws-20260903T041335420016Z-rebuild,0032,32,LiVF6,15.481266,15.654257795099419,0.9889492176912038,NTE,NTE,This work,This work,This work,This work,,,cubic,cubic,cubic,cubic,cubic,True,cubic,this_work_cubic_structural_model,False,False,,legacy_master_v11_20260805:0032,legacy_selected_v11_20260805:0032,phase_feature_recomputed_342_20260810_r12,False
ws-20260903T041335420016Z-rebuild,0033,33,HfVF6,30.070366,17.090192459806214,1.7595100857243926,NTE,NTE,This work,This work,This work,This work,,,cubic,cubic,cubic,cubic,cubic,True,cubic,this_work_cubic_structural_model,False,False,,legacy_master_v11_20260805:0033,legacy_selected_v11_20260805:0033,phase_feature_recomputed_342_20260810_r12,False
ws-20260903T041335420016Z-rebuild,0034,34,Cu2OF2,7.431309,10.617657821488974,0.6999009692099746,NTE,NTE,This work,This work,This work,This work,,,tetragonal,tetragonal,tetragonal,tetragonal,non_cubic,False,non_cubic,existing_non_cubic_classification,True,False,,legacy_master_v11_20260805:0034,legacy_selected_v11_20260805:0034,phase_feature_recomputed_342_20260810_r12,False
ws-20260903T041335420016Z-rebuild,0035,35,NiPt(CN)6,8.775825,17.26404473736311,0.5083296025645268,NTE,NTE,Exp.,Exp.,Literature,Exp.,2006,chapmanCompositionalDependenceNegative2006,cubic,cubic,cubic,cubic,cubic,True,cubic,experimentally_defensible_cubic,True,True,NiPt(CN)6 (2006),legacy_master_v11_20260805:0035,legacy_selected_v11_20260805:0035,phase_feature_recomputed_342_20260810_r12,False
ws-20260903T041335420016Z-rebuild,0037,37,"MII PtIV(CN)6 (M = Zn, Fe, Mn, Cd respectively)",9.525806,15.72082780479787,0.6059353946420557,NTE,NTE,Exp.,Exp.,Literature,Exp.,2006,chapmanCompositionalDependenceNegative2006,cubic,cubic,cubic,cubic,cubic,True,cubic,experimentally_defensible_cubic,True,True,"MII PtIV(CN)6 (M = Zn, Fe, Mn, Cd respectively) (2006)",legacy_master_v11_20260805:0037,legacy_selected_v11_20260805:0037,phase_feature_recomputed_342_20260810_r12,False
ws-20260903T041335420016Z-rebuild,0038,38,ZnMoAsO5,23.241745,12.790809761836977,1.8170659585091111,NTE,NTE,This work,This work,This work,This work,,,orthorhombic,orthorhombic,orthorhombic,orthorhombic,non_cubic,False,non_cubic,existing_non_cubic_classification,True,False,,legacy_master_v11_20260805:0038,legacy_selected_v11_20260805:0038,phase_feature_recomputed_342_20260810_r12,False
ws-20260903T041335420016Z-rebuild,0039,39,LiB(CN)4,5.361043,23.15706039872478,0.2315079249132685,NTE,NTE,Exp.,Exp.,Literature,Exp.,2024,gaoCriticalRoleNonrigid2024,cubic,cubic,cubic,cubic,cubic,True,cubic,experimentally_defensible_cubic,True,True,LiB(CN)4 (2024),legacy_master_v11_20260805:0039,legacy_selected_v11_20260805:0039,phase_feature_recomputed_342_20260810_r12,False
ws-20260903T041335420016Z-rebuild,0040,40,"MII PtIV(CN)6 (M = Zn, Fe, Mn, Cd respectively)",12.828736,19.05090110260148,0.6733926091426816,NTE,NTE,Exp.,Exp.,Literature,Exp.,2006,chapmanCompositionalDependenceNegative2006,cubic,cubic,cubic,cubic,cubic,True,cubic,experimentally_defensible_cubic,True,True,"MII PtIV(CN)6 (M = Zn, Fe, Mn, Cd respectively) (2006)",legacy_master_v11_20260805:0040,legacy_selected_v11_20260805:0040,phase_feature_recomputed_342_20260810_r12,False
ws-20260903T041335420016Z-rebuild,0041,41,Y2(SO4)3 (anhydrous x=0 endpoint; high-temperature scope),18.931113,17.612304710089653,1.0748799382942105,NTE,NTE,Exp.,Exp.,Literature,Exp. (dehydration/high-temperature endpoint),2025,shablinskiiThermalStructuralPhase2025,orthorhombic,orthorhombic,orthorhombic,orthorhombic,non_cubic,False,non_cubic,existing_non_cubic_classification,True,False,,legacy_master_v11_20260805:0041,legacy_selected_v11_20260805:0041,phase_feature_recomputed_342_20260810_r12,False
ws-20260903T041335420016Z-rebuild,0043,43,"MII PtIV(CN)6 (M = Zn, Fe, Mn, Cd respectively)",23.109675,18.294339226753497,1.2632145230041758,NTE,NTE,Exp.,Exp.,Literature,Exp.,2006,chapmanCompositionalDependenceNegative2006,cubic,cubic,cubic,cubic,cubic,True,cubic,experimentally_defensible_cubic,True,True,"MII PtIV(CN)6 (M = Zn, Fe, Mn, Cd respectively) (2006)",legacy_master_v11_20260805:0043,legacy_selected_v11_20260805:0043,phase_feature_recomputed_342_20260810_r12,False
ws-20260903T041335420016Z-rebuild,0044,44,VP2O7,33.306358,22.84470170469367,1.4579467235134387,NTE,NTE,This work,This work,This work,This work,,,monoclinic,monoclinic,monoclinic,monoclinic,non_cubic,False,non_cubic,existing_non_cubic_classification,True,False,,legacy_master_v11_20260805:0044,legacy_selected_v11_20260805:0044,phase_feature_recomputed_342_20260810_r12,False
ws-20260903T041335420016Z-rebuild,0045,45,VNiP2O9,29.837995,17.855364773478964,1.6710941153282484,PTE,PTE,This work,This work,This work,This work,,,orthorhombic,orthorhombic,orthorhombic,orthorhombic,non_cubic,False,non_cubic,existing_non_cubic_classification,True,False,,legacy_master_v11_20260805:0045,legacy_selected_v11_20260805:0045,phase_feature_recomputed_342_20260810_r12,False
ws-20260903T041335420016Z-rebuild,0046,46,VCo(PO4)2,38.208459,18.540972765575592,2.060758056391754,PTE,PTE,This work,This work,This work,This work,,,trigonal,trigonal,trigonal,trigonal,non_cubic,False,non_cubic,existing_non_cubic_classification,True,False,,legacy_master_v11_20260805:0046,legacy_selected_v11_20260805:0046,phase_feature_recomputed_342_20260810_r12,False
ws-20260903T041335420016Z-rebuild,0048,48,VAsO5,15.515669,19.50072914571564,0.7956455824837111,NTE,NTE,This work,This work,This work,This work,,,orthorhombic,orthorhombic,orthorhombic,orthorhombic,non_cubic,False,non_cubic,existing_non_cubic_classification,True,False,,legacy_master_v11_20260805:0048,legacy_selected_v11_20260805:0048,phase_feature_recomputed_342_20260810_r12,False
ws-20260903T041335420016Z-rebuild,0049,49,V3Sb(PO4)6,42.15354,20.402241060489843,2.066123024182517,NTE,NTE,This work,This work,This work,This work,,,trigonal,trigonal,trigonal,trigonal,non_cubic,False,non_cubic,existing_non_cubic_classification,True,False,,legacy_master_v11_20260805:0049,legacy_selected_v11_20260805:0049,phase_feature_recomputed_342_20260810_r12,False
ws-20260903T041335420016Z-rebuild,0050,50,V3P4O15,43.499315,20.285503502896166,2.144354710928895,PTE,PTE,This work,This work,This work,This work,,,orthorhombic,orthorhombic,orthorhombic,orthorhombic,non_cubic,False,non_cubic,existing_non_cubic_classification,True,False,,legacy_master_v11_20260805:0050,legacy_selected_v11_20260805:0050,phase_feature_recomputed_342_20260810_r12,False
ws-20260903T041335420016Z-rebuild,0051,51,"MII PtIV(CN)6 (M = Zn, Fe, Mn, Cd respectively)",8.178621,14.013310730706221,0.5836323162433598,NTE,NTE,Exp.,Exp.,Literature,Exp.,2006,chapmanCompositionalDependenceNegative2006,cubic,cubic,cubic,cubic,cubic,True,cubic,experimentally_defensible_cubic,True,True,"MII PtIV(CN)6 (M = Zn, Fe, Mn, Cd respectively) (2006)",legacy_master_v11_20260805:0051,legacy_selected_v11_20260805:0051,phase_feature_recomputed_342_20260810_r12,False
ws-20260903T041335420016Z-rebuild,0052,52,V2SnO7,26.218247,15.688129100376983,1.6712156581736686,NTE,NTE,This work,This work,This work,This work,,,cubic,cubic,cubic,cubic,cubic,True,cubic,this_work_cubic_structural_model,False,False,,legacy_master_v11_20260805:0052,legacy_selected_v11_20260805:0052,phase_feature_recomputed_342_20260810_r12,False
ws-20260903T041335420016Z-rebuild,0053,53,V2P2O9,58.674842,21.69380888027733,2.704681428872711,PTE,PTE,This work,This work,This work,This work,,,orthorhombic,orthorhombic,orthorhombic,orthorhombic,non_cubic,False,non_cubic,existing_non_cubic_classification,True,False,,legacy_master_v11_20260805:0053,legacy_selected_v11_20260805:0053,phase_feature_recomputed_342_20260810_r12,False
ws-20260903T041335420016Z-rebuild,0054,54,ZnCoF6,25.676344,13.94745460413328,1.8409340434340544,PTE,PTE,This work,This work,This work,This work,,,trigonal,trigonal,trigonal,trigonal,non_cubic,False,non_cubic,existing_non_cubic_classification,True,False,,legacy_master_v11_20260805:0054,legacy_selected_v11_20260805:0054,phase_feature_recomputed_342_20260810_r12,False
ws-20260903T041335420016Z-rebuild,0055,55,CuB(CN)4,9.242615,23.951711864382645,0.3858853618619309,NTE,NTE,Exp.,Exp.,Literature,mixed Exp./DFT,2020,gaoDiscoveringLargeIsotropic2020,cubic,cubic,cubic,cubic,cubic,True,cubic,experimentally_defensible_cubic,True,True,CuB(CN)4 (2020),legacy_master_v11_20260805:0055,legacy_selected_v11_20260805:0055,phase_feature_recomputed_342_20260810_r12,False
ws-20260903T041335420016Z-rebuild,0056,56,AlP,38.779234,7.857478426747202,4.935328090497046,PTE,PTE,DFT,DFT,Literature,DFT,1987,kagayaSpecificHeatThermal1987,cubic,cubic,cubic,cubic,cubic,True,cubic,supported_cubic_computational_model,True,True,AlP (1987),legacy_master_v11_20260805:0056,legacy_selected_v11_20260805:0056,phase_feature_recomputed_342_20260810_r12,False
ws-20260903T041335420016Z-rebuild,0057,57,AgB(CN)4,5.190697,19.08715664419784,0.27194710541540407,NTE,NTE,Exp.,Exp.,Literature,mixed Exp./DFT,2020,gaoDiscoveringLargeIsotropic2020,cubic,cubic,cubic,cubic,cubic,True,cubic,experimentally_defensible_cubic,True,True,AgB(CN)4 (2020),legacy_master_v11_20260805:0057,legacy_selected_v11_20260805:0057,phase_feature_recomputed_342_20260810_r12,False
ws-20260903T041335420016Z-rebuild,0058,58,Li2Si2O5,46.078804,21.962464370232016,2.0980707457609054,NTE,NTE,This work,This work,This work,This work,,,orthorhombic,orthorhombic,orthorhombic,orthorhombic,non_cubic,False,non_cubic,existing_non_cubic_classification,True,False,,legacy_master_v11_20260805:0058,legacy_selected_v11_20260805:0058,phase_feature_recomputed_342_20260810_r12,False
ws-20260903T041335420016Z-rebuild,0059,59,CaHfF6,19.217854,14.117765625588655,1.3612532258764347,NTE,NTE,Exp.,Exp.,Literature,Exp.,2015,hancockLargeNegativeThermal2015,cubic,cubic,cubic,cubic,cubic,True,cubic,experimentally_defensible_cubic,True,True,CaHfF6 (2015),legacy_master_v11_20260805:0059,legacy_selected_v11_20260805:0059,phase_feature_recomputed_342_20260810_r12,False
ws-20260903T041335420016Z-rebuild,0060,60,CaTiF6,21.9793,15.546102270924443,1.413814190654556,NTE,NTE,Exp.,Exp.,Literature,Exp.,2018,hesterNegativeThermalExpansion2018,trigonal,trigonal,rhombohedral,cubic,cubic,False,non_cubic,non_cubic,True,False,,legacy_master_v11_20260805:0060,legacy_selected_v11_20260805:0060,phase_feature_recomputed_342_20260810_r12,False
ws-20260903T041335420016Z-rebuild,0061,61,Si3NiP4,26.261169,9.880452594591752,2.657891300887829,NTE,NTE,This work,This work,This work,This work,,,tetragonal,tetragonal,tetragonal,tetragonal,non_cubic,False,non_cubic,existing_non_cubic_classification,True,False,,legacy_master_v11_20260805:0061,legacy_selected_v11_20260805:0061,phase_feature_recomputed_342_20260810_r12,False
ws-20260903T041335420016Z-rebuild,0062,62,FeCo(CN)6 (reported as Fe[Co(CN)6]),14.293709,17.78571643913991,0.8036622561093311,NTE,NTE,Exp.,Exp.,Literature,Exp.,2004,margadonnaZeroThermalExpansion2004,cubic,cubic,cubic,cubic,cubic,True,cubic,experimentally_defensible_cubic,True,True,FeCo(CN)6 (reported as Fe[Co(CN)6]) (2004),legacy_master_v11_20260805:0062,legacy_selected_v11_20260805:0062,phase_feature_recomputed_342_20260810_r12,False
ws-20260903T041335420016Z-rebuild,0063,63,V2NiO8,12.025292,14.031508534196012,0.8570206097721648,NTE,NTE,This work,This work,This work,This work,,,orthorhombic,orthorhombic,orthorhombic,orthorhombic,non_cubic,False,non_cubic,existing_non_cubic_classification,True,False,,legacy_master_v11_20260805:0063,legacy_selected_v11_20260805:0063,phase_feature_recomputed_342_20260810_r12,False
ws-20260903T041335420016Z-rebuild,0064,64,V2CrO7,30.990991,16.030978629711008,1.9331939562668283,NTE,NTE,This work,This work,This work,This work,,,cubic,cubic,cubic,cubic,cubic,True,cubic,this_work_cubic_structural_model,False,False,,legacy_master_v11_20260805:0064,legacy_selected_v11_20260805:0064,phase_feature_recomputed_342_20260810_r12,False
ws-20260903T041335420016Z-rebuild,0065,65,V2CoO8,12.710547,14.262932640257944,0.8911594354812946,NTE,NTE,This work,This work,This work,This work,,,monoclinic,monoclinic,monoclinic,monoclinic,non_cubic,False,non_cubic,existing_non_cubic_classification,True,False,,legacy_master_v11_20260805:0065,legacy_selected_v11_20260805:0065,phase_feature_recomputed_342_20260810_r12,False
ws-20260903T041335420016Z-rebuild,0066,66,V2(PO4)3,48.004887,21.578575543279037,2.2246550474900006,NTE,NTE,This work,This work,This work,This work,,,trigonal,trigonal,trigonal,trigonal,non_cubic,False,non_cubic,existing_non_cubic_classification,True,False,,legacy_master_v11_20260805:0066,legacy_selected_v11_20260805:0066,phase_feature_recomputed_342_20260810_r12,False
ws-20260903T041335420016Z-rebuild,0067,67,CoPt(CN)6,5.838724,16.502887502227253,0.3538001455328346,NTE,NTE,This work,This work,This work,This work,,,cubic,cubic,cubic,cubic,cubic,True,cubic,this_work_cubic_structural_model,False,False,,legacy_master_v11_20260805:0067,legacy_selected_v11_20260805:0067,phase_feature_recomputed_342_20260810_r12,False
ws-20260903T041335420016Z-rebuild,0068,68,TiV2O7,32.863664,19.04997325565109,1.7251291410737881,NTE,NTE,This work,This work,This work,This work,,,cubic,cubic,cubic,cubic,cubic,True,cubic,this_work_cubic_structural_model,False,False,,legacy_master_v11_20260805:0068,legacy_selected_v11_20260805:0068,phase_feature_recomputed_342_20260810_r12,False
ws-20260903T041335420016Z-rebuild,0070,70,TaNiP2O9,28.938941,18.919200624094593,1.5296069625238153,NTE,NTE,This work,This work,This work,This work,,,orthorhombic,orthorhombic,orthorhombic,orthorhombic,non_cubic,False,non_cubic,existing_non_cubic_classification,True,False,,legacy_master_v11_20260805:0070,legacy_selected_v11_20260805:0070,phase_feature_recomputed_342_20260810_r12,False
ws-20260903T041335420016Z-rebuild,0071,71,TaNbO5,35.569864,20.240344243092533,1.757374458299493,NTE,NTE,This work,This work,This work,This work,,,orthorhombic,orthorhombic,orthorhombic,orthorhombic,non_cubic,False,non_cubic,existing_non_cubic_classification,True,False,,legacy_master_v11_20260805:0071,legacy_selected_v11_20260805:0071,phase_feature_recomputed_342_20260810_r12,False
ws-20260903T041335420016Z-rebuild,0072,72,Ta2W2O11,74.268443,15.805476071230213,4.6989057884302845,NTE,NTE,This work,This work,This work,This work,,,monoclinic,monoclinic,monoclinic,monoclinic,non_cubic,False,non_cubic,existing_non_cubic_classification,True,False,,legacy_master_v11_20260805:0072,legacy_selected_v11_20260805:0072,phase_feature_recomputed_342_20260810_r12,False
ws-20260903T041335420016Z-rebuild,0073,73,Ta(PO4)2,17.047169,22.109321258753756,0.7710399066751317,NTE,NTE,This work,This work,This work,This work,,,orthorhombic,orthorhombic,orthorhombic,orthorhombic,non_cubic,False,non_cubic,existing_non_cubic_classification,True,False,,legacy_master_v11_20260805:0073,legacy_selected_v11_20260805:0073,phase_feature_recomputed_342_20260810_r12,False
ws-20260903T041335420016Z-rebuild,0074,74,Al2(MoO4)3,34.983723,17.908878289058215,1.9534290442620295,NTE,NTE,Exp.,Exp.,Literature,Exp.,2002,tyagiPhaseTransitionNegative2002a,orthorhombic,orthorhombic,orthorhombic,orthorhombic,non_cubic,False,non_cubic,existing_non_cubic_classification,True,False,,legacy_master_v11_20260805:0074,legacy_selected_v11_20260805:0074,phase_feature_recomputed_342_20260810_r12,False
ws-20260903T041335420016Z-rebuild,0075,75,SrI2O,4.286696,5.240141345721298,0.8180496893466797,NTE,NTE,This work,This work,This work,This work,,,orthorhombic,orthorhombic,orthorhombic,orthorhombic,non_cubic,False,non_cubic,existing_non_cubic_classification,True,False,,legacy_master_v11_20260805:0075,legacy_selected_v11_20260805:0075,phase_feature_recomputed_342_20260810_r12,False
ws-20260903T041335420016Z-rebuild,0076,76,SnPO4,13.987901,18.211914645142627,0.7680631758139044,NTE,NTE,This work,This work,This work,This work,,,orthorhombic,orthorhombic,orthorhombic,orthorhombic,non_cubic,False,non_cubic,existing_non_cubic_classification,True,False,,legacy_master_v11_20260805:0076,legacy_selected_v11_20260805:0076,phase_feature_recomputed_342_20260810_r12,False
ws-20260903T041335420016Z-rebuild,0077,77,NbVF6,34.032573,15.115077702160733,2.2515645417512458,NTE,NTE,This work,This work,This work,This work,,,cubic,cubic,cubic,cubic,cubic,True,cubic,this_work_cubic_structural_model,False,False,,legacy_master_v11_20260805:0077,legacy_selected_v11_20260805:0077,phase_feature_recomputed_342_20260810_r12,False
ws-20260903T041335420016Z-rebuild,0078,78,Sn(PO3)4,13.187487,19.754411120466013,0.6675717600276866,NTE,NTE,This work,This work,This work,This work,,,orthorhombic,orthorhombic,orthorhombic,orthorhombic,non_cubic,False,non_cubic,existing_non_cubic_classification,True,False,,legacy_master_v11_20260805:0078,legacy_selected_v11_20260805:0078,phase_feature_recomputed_342_20260810_r12,False
ws-20260903T041335420016Z-rebuild,0079,79,SbOF,10.117435,14.040408818658948,0.720594046133078,NTE,NTE,This work,This work,This work,This work,,,orthorhombic,orthorhombic,orthorhombic,orthorhombic,non_cubic,False,non_cubic,existing_non_cubic_classification,True,False,,legacy_master_v11_20260805:0079,legacy_selected_v11_20260805:0079,phase_feature_recomputed_342_20260810_r12,False
ws-20260903T041335420016Z-rebuild,0080,80,PWO5,45.816435,19.5172756345005,2.3474810653906393,NTE,NTE,This work,This work,This work,This work,,,orthorhombic,orthorhombic,orthorhombic,orthorhombic,non_cubic,False,non_cubic,existing_non_cubic_classification,True,False,,legacy_master_v11_20260805:0080,legacy_selected_v11_20260805:0080,phase_feature_recomputed_342_20260810_r12,False
ws-20260903T041335420016Z-rebuild,0081,81,PWO4,35.471468,17.947903965158243,1.9763571316661688,NTE,NTE,This work,This work,This work,This work,,,orthorhombic,orthorhombic,orthorhombic,orthorhombic,non_cubic,False,non_cubic,existing_non_cubic_classification,True,False,,legacy_master_v11_20260805:0081,legacy_selected_v11_20260805:0081,phase_feature_recomputed_342_20260810_r12,False
ws-20260903T041335420016Z-rebuild,0085,85,NdIrF6,12.628909,14.36378861445179,0.879218522284136,NTE,NTE,This work,This work,This work,This work,,,trigonal,trigonal,trigonal,trigonal,non_cubic,False,non_cubic,existing_non_cubic_classification,True,False,,legacy_master_v11_20260805:0085,legacy_selected_v11_20260805:0085,phase_feature_recomputed_342_20260810_r12,False
ws-20260903T041335420016Z-rebuild,0087,87,P3N5,83.781887,20.29497413158438,4.128208612476775,NTE,NTE,This work,This work,This work,This work,,,monoclinic,monoclinic,monoclinic,monoclinic,non_cubic,False,non_cubic,existing_non_cubic_classification,True,False,,legacy_master_v11_20260805:0087,legacy_selected_v11_20260805:0087,phase_feature_recomputed_342_20260810_r12,False
ws-20260903T041335420016Z-rebuild,0089,89,Hf(WO4)2,29.726922,17.34885972042862,1.7134798758558158,NTE,NTE,Exp.,Exp.,Literature,Exp.,2001,yamamuraCalorimetricXrayDiffraction2001,cubic,cubic,cubic,cubic,cubic,True,cubic,experimentally_defensible_cubic,False,True,Hf(WO4)2 (2001),legacy_master_v11_20260805:0089,legacy_selected_v11_20260805:0089,phase_feature_recomputed_342_20260810_r12,False
ws-20260903T041335420016Z-rebuild,0090,90,NbOF2,51.749155237820844,17.71772069511464,2.9207569149732557,NTE,NTE,DFT,DFT,Literature,DFT/QHA literature label; current MatterSim QHA and anisotropic AGV validation,2021,zhangNegativeThermalExpansion2021,tetragonal,tetragonal,tetragonal P4/mmm explicit O/F ordering; Zhang 2021 average model cubic Pm-3m,tetragonal,non_cubic,False,non_cubic,Zhang2021_average_cubic_explicit_ordered_tetragonal_rebuild,False,False,,zhang2021_nbof2_full_rebuild_20260806_r1:elastic,zhang2021_nbof2_full_rebuild_20260806_r1:agv_h0p005,zhang2021_nbof2_full_rebuild_20260806_r1:features,False
ws-20260903T041335420016Z-rebuild,0091,91,Na4Zr2(SiO4)3,52.592479,14.910283492511526,3.5272621762298355,PTE,PTE,This work,This work,This work,This work,,,trigonal,trigonal,trigonal,trigonal,non_cubic,False,non_cubic,existing_non_cubic_classification,True,False,,legacy_master_v11_20260805:0091,legacy_selected_v11_20260805:0091,phase_feature_recomputed_342_20260810_r12,False
ws-20260903T041335420016Z-rebuild,0092,92,MgSiP2,23.625301,7.051519705395434,3.350384312465754,NTE,NTE,This work,This work,This work,This work,,,tetragonal,tetragonal,tetragonal,tetragonal,non_cubic,False,non_cubic,existing_non_cubic_classification,True,False,,legacy_master_v11_20260805:0092,legacy_selected_v11_20260805:0092,phase_feature_recomputed_342_20260810_r12,False
ws-20260903T041335420016Z-rebuild,0093,93,Sc2(MoO4)3,21.43907,15.785990094913839,1.358107402265985,NTE,NTE,Exp.,Exp.,Literature,Exp.,2000,evansStructuralPhaseTransitions2000,orthorhombic,orthorhombic,orthorhombic,orthorhombic,non_cubic,False,non_cubic,existing_non_cubic_classification,True,False,,legacy_master_v11_20260805:0093,legacy_selected_v11_20260805:0093,phase_feature_recomputed_342_20260810_r12,False
ws-20260903T041335420016Z-rebuild,0094,94,Cr2OF2,8.669126,9.628895475443178,0.900324032191345,NTE,NTE,This work,This work,This work,This work,,,tetragonal,tetragonal,tetragonal,tetragonal,non_cubic,False,non_cubic,existing_non_cubic_classification,True,False,,legacy_master_v11_20260805:0094,legacy_selected_v11_20260805:0094,phase_feature_recomputed_342_20260810_r12,False
ws-20260903T041335420016Z-rebuild,0095,95,Mg3Si4(HO6)2,23.162904,22.541159984216964,1.027582609600321,NTE,NTE,This work,This work,This work,This work,,,triclinic,triclinic,triclinic,triclinic,non_cubic,False,non_cubic,existing_non_cubic_classification,True,False,,legacy_master_v11_20260805:0095,legacy_selected_v11_20260805:0095,phase_feature_recomputed_342_20260810_r12,False
ws-20260903T041335420016Z-rebuild,0096,96,Mg2Al4Si5O18,48.862836,20.604775491964833,2.371432584599374,NTE,NTE,DFT,DFT,Literature,DFT,2018,liMechanismsUltralowAnisotropic2018,orthorhombic,orthorhombic,orthorhombic,orthorhombic,non_cubic,False,non_cubic,existing_non_cubic_classification,True,False,,legacy_master_v11_20260805:0096,legacy_selected_v11_20260805:0096,phase_feature_recomputed_342_20260810_r12,False
ws-20260903T041335420016Z-rebuild,0097,97,Sc2(WO4)3,20.489683,15.51050120757479,1.3210200447934943,NTE,NTE,Exp.,Exp.,Literature,Exp.,1998,evansNegativeThermalExpansion1998,orthorhombic,orthorhombic,orthorhombic,orthorhombic,non_cubic,False,non_cubic,existing_non_cubic_classification,True,False,,legacy_master_v11_20260805:0097,legacy_selected_v11_20260805:0097,phase_feature_recomputed_342_20260810_r12,False
ws-20260903T041335420016Z-rebuild,0099,99,As2O3,4.20492,13.249859697780533,0.31735581326226125,NTE,NTE,This work,This work,This work,This work,,,cubic,cubic,cubic,cubic,cubic,True,cubic,this_work_cubic_structural_model,False,False,,legacy_master_v11_20260805:0099,legacy_selected_v11_20260805:0099,phase_feature_recomputed_342_20260810_r12,False
ws-20260903T041335420016Z-rebuild,0100,100,Y2(MoO4)3 (equivalent to Y2Mo3O12),17.782104,14.053756788419275,1.2652918552463492,NTE,NTE,Exp.,Exp.,Literature,Exp.,2005,marinkovicNegativeThermalExpansion2005,orthorhombic,orthorhombic,orthorhombic,orthorhombic,non_cubic,False,non_cubic,existing_non_cubic_classification,True,False,,legacy_master_v11_20260805:0100,legacy_selected_v11_20260805:0100,phase_feature_recomputed_342_20260810_r12,False
ws-20260903T041335420016Z-rebuild,0102,102,Y2(WO4)3 (equivalent to Y2W3O12),17.202982,13.421827964280679,1.2817167710525013,NTE,NTE,Exp.,Exp.,Literature,Exp.,1999,forsterNegativeThermalExpansion1999,orthorhombic,orthorhombic,orthorhombic,orthorhombic,non_cubic,False,non_cubic,existing_non_cubic_classification,True,False,,legacy_master_v11_20260805:0102,legacy_selected_v11_20260805:0102,phase_feature_recomputed_342_20260810_r12,False
ws-20260903T041335420016Z-rebuild,0103,103,CuTeO4,39.253918,13.087091198993866,2.9994379502007167,NTE,NTE,This work,This work,This work,This work,,,orthorhombic,orthorhombic,orthorhombic,orthorhombic,non_cubic,False,non_cubic,existing_non_cubic_classification,True,False,,legacy_master_v11_20260805:0103,legacy_selected_v11_20260805:0103,phase_feature_recomputed_342_20260810_r12,False
ws-20260903T041335420016Z-rebuild,0104,104,Cu2Cl2O,10.504158,8.413541041724041,1.248482410427223,NTE,NTE,This work,This work,This work,This work,,,tetragonal,tetragonal,tetragonal,tetragonal,non_cubic,False,non_cubic,existing_non_cubic_classification,True,False,,legacy_master_v11_20260805:0104,legacy_selected_v11_20260805:0104,phase_feature_recomputed_342_20260810_r12,False
ws-20260903T041335420016Z-rebuild,0105,105,CaBe2(PO4)2,48.548718,22.420077946830265,2.165412542950761,PTE,PTE,This work,This work,This work,This work,,,monoclinic,monoclinic,monoclinic,monoclinic,non_cubic,False,non_cubic,existing_non_cubic_classification,True,False,,legacy_master_v11_20260805:0105,legacy_selected_v11_20260805:0105,phase_feature_recomputed_342_20260810_r12,False
ws-20260903T041335420016Z-rebuild,0106,106,C,89.630268,36.741990866766145,2.4394505002469082,NTE,NTE,This work,This work,This work,This work,,,triclinic,triclinic,triclinic,triclinic,non_cubic,False,non_cubic,existing_non_cubic_classification,True,False,,legacy_master_v11_20260805:0106,legacy_selected_v11_20260805:0106,phase_feature_recomputed_342_20260810_r12,False
ws-20260903T041335420016Z-rebuild,0107,107,BeSO4,31.94186,23.763340230182163,1.3441654115371449,PTE,PTE,This work,This work,This work,This work,,,tetragonal,tetragonal,tetragonal,tetragonal,non_cubic,False,non_cubic,existing_non_cubic_classification,True,False,,legacy_master_v11_20260805:0107,legacy_selected_v11_20260805:0107,phase_feature_recomputed_342_20260810_r12,False
ws-20260903T041335420016Z-rebuild,0108,108,V2Zn2O7,26.383646,14.880626570087355,1.77301983056518,NTE,NTE,This work,This work,This work,This work,,,triclinic,triclinic,triclinic,triclinic,non_cubic,False,non_cubic,existing_non_cubic_classification,True,False,,legacy_master_v11_20260805:0108,legacy_selected_v11_20260805:0108,phase_feature_recomputed_342_20260810_r12,False
ws-20260903T041335420016Z-rebuild,0109,109,BAsO4,41.855031,25.500240659543838,1.6413582741751553,PTE,PTE,This work,This work,This work,This work,,,tetragonal,tetragonal,tetragonal,tetragonal,non_cubic,False,non_cubic,existing_non_cubic_classification,True,False,,legacy_master_v11_20260805:0109,legacy_selected_v11_20260805:0109,phase_feature_recomputed_342_20260810_r12,False
ws-20260903T041335420016Z-rebuild,0110,110,BaAl2B2O7,22.201668,22.35504517931307,0.9931390351447377,NTE,NTE,This work,This work,This work,This work,,,trigonal,trigonal,trigonal,trigonal,non_cubic,False,non_cubic,existing_non_cubic_classification,True,False,,legacy_master_v11_20260805:0110,legacy_selected_v11_20260805:0110,phase_feature_recomputed_342_20260810_r12,False
ws-20260903T041335420016Z-rebuild,0112,112,TiNb(PO4)3,48.752585,22.352323257615144,2.1810969910427827,NTE,NTE,This work,This work,This work,This work,,,trigonal,trigonal,trigonal,trigonal,non_cubic,False,non_cubic,existing_non_cubic_classification,True,False,,legacy_master_v11_20260805:0112,legacy_selected_v11_20260805:0112,phase_feature_recomputed_342_20260810_r12,False
ws-20260903T041335420016Z-rebuild,0113,113,V2Cu2O7,26.124486,16.71585411244967,1.5628567840002234,NTE,NTE,This work,This work,This work,This work,,,orthorhombic,orthorhombic,orthorhombic,orthorhombic,non_cubic,False,non_cubic,existing_non_cubic_classification,True,False,,legacy_master_v11_20260805:0113,legacy_selected_v11_20260805:0113,phase_feature_recomputed_342_20260810_r12,False
ws-20260903T041335420016Z-rebuild,0116,116,LiIn(CN)4,2.310461,14.287156249148197,0.16171594680626175,NTE,NTE,DFT,DFT,Literature,DFT,2024,gaoCriticalRoleNonrigid2024,cubic,cubic,cubic,cubic,cubic,True,cubic,supported_cubic_computational_model,True,True,LiIn(CN)4 (2024),legacy_master_v11_20260805:0116,legacy_selected_v11_20260805:0116,phase_feature_recomputed_342_20260810_r12,False
ws-20260903T041335420016Z-rebuild,0117,117,NaZr2(PO4)3,44.34921,18.789207548006885,2.3603555331797086,NTE,NTE,Exp.,Exp.,Literature,Exp.,1989,royVeryLowThermal,trigonal,trigonal,trigonal,trigonal,non_cubic,False,non_cubic,existing_non_cubic_classification,True,False,,legacy_master_v11_20260805:0117,legacy_selected_v11_20260805:0117,phase_feature_recomputed_342_20260810_r12,False
ws-20260903T041335420016Z-rebuild,0118,118,ZnP2W2O9,36.207363,15.703631227297398,2.305668190746944,NTE,NTE,This work,This work,This work,This work,,,monoclinic,monoclinic,monoclinic,monoclinic,non_cubic,False,non_cubic,existing_non_cubic_classification,True,False,,legacy_master_v11_20260805:0118,legacy_selected_v11_20260805:0118,phase_feature_recomputed_342_20260810_r12,False
ws-20260903T041335420016Z-rebuild,0119,119,ZrZnF6,29.105271,15.448073799958214,1.8840712037560776,NTE,NTE,Exp.,Exp.,Literature,Exp.,2016,huAtomicLinkageFlexibility2016,cubic,cubic,cubic,cubic,cubic,True,cubic,calculated_structure_fallback_cubic,True,True,ZrZnF6 (2016),legacy_master_v11_20260805:0119,legacy_selected_v11_20260805:0119,phase_feature_recomputed_342_20260810_r12,False
ws-20260903T041335420016Z-rebuild,0120,120,ZrNiF6,36.058086,15.747476147225152,2.2897692089124875,NTE,NTE,Exp.,Exp.,Literature,Exp.,2016,huAtomicLinkageFlexibility2016,cubic,cubic,cubic,cubic,cubic,True,cubic,calculated_structure_fallback_cubic,True,True,ZrNiF6 (2016),legacy_master_v11_20260805:0120,legacy_selected_v11_20260805:0120,phase_feature_recomputed_342_20260810_r12,False
ws-20260903T041335420016Z-rebuild,0121,121,ZrCoF6,28.439517,15.079254771360363,1.8860028185222015,NTE,NTE,Exp.,Exp.,Literature,Exp.,2016,huAtomicLinkageFlexibility2016,cubic,cubic,cubic,cubic,cubic,True,cubic,calculated_structure_fallback_cubic,True,True,ZrCoF6 (2016),legacy_master_v11_20260805:0121,legacy_selected_v11_20260805:0121,phase_feature_recomputed_342_20260810_r12,False
ws-20260903T041335420016Z-rebuild,0122,122,ZrMnF6,28.901178,15.008876092167961,1.925605743063028,NTE,NTE,Exp.,Exp.,Literature,Exp.,2016,huAtomicLinkageFlexibility2016,cubic,cubic,cubic,cubic,cubic,True,cubic,calculated_structure_fallback_cubic,True,True,ZrMnF6 (2016),legacy_master_v11_20260805:0122,legacy_selected_v11_20260805:0122,phase_feature_recomputed_342_20260810_r12,False
ws-20260903T041335420016Z-rebuild,0123,123,TaPO5,63.498078,23.529062172981224,2.6987084114604363,NTE,NTE,This work,This work,This work,This work,,,orthorhombic,orthorhombic,orthorhombic,orthorhombic,non_cubic,False,non_cubic,existing_non_cubic_classification,True,False,,legacy_master_v11_20260805:0123,legacy_selected_v11_20260805:0123,phase_feature_recomputed_342_20260810_r12,False
ws-20260903T041335420016Z-rebuild,0124,124,VCrO5,30.855903,16.739119758016,1.8433408354835255,NTE,NTE,This work,This work,This work,This work,,,orthorhombic,orthorhombic,orthorhombic,orthorhombic,non_cubic,False,non_cubic,existing_non_cubic_classification,True,False,,legacy_master_v11_20260805:0124,legacy_selected_v11_20260805:0124,phase_feature_recomputed_342_20260810_r12,False
ws-20260903T041335420016Z-rebuild,0125,125,TaCoF6,22.161792,14.416271537872346,1.53727626049355,NTE,NTE,This work,This work,This work,This work,,,cubic,cubic,cubic,cubic,cubic,True,cubic,this_work_cubic_structural_model,False,False,,legacy_master_v11_20260805:0125,legacy_selected_v11_20260805:0125,phase_feature_recomputed_342_20260810_r12,False
ws-20260903T041335420016Z-rebuild,0126,126,Zn(AsO3)2,28.742179,14.224832829001294,2.0205635697455118,PTE,PTE,This work,This work,This work,This work,,,monoclinic,monoclinic,monoclinic,monoclinic,non_cubic,False,non_cubic,existing_non_cubic_classification,True,False,,legacy_master_v11_20260805:0126,legacy_selected_v11_20260805:0126,phase_feature_recomputed_342_20260810_r12,False
ws-20260903T041335420016Z-rebuild,0127,127,ZrCrF6,23.541139,14.622359810592425,1.6099411657854856,NTE,NTE,This work,This work,This work,This work,,,tetragonal,tetragonal,tetragonal,tetragonal,non_cubic,False,non_cubic,existing_non_cubic_classification,True,False,,legacy_master_v11_20260805:0127,legacy_selected_v11_20260805:0127,phase_feature_recomputed_342_20260810_r12,False
ws-20260903T041335420016Z-rebuild,0128,128,Zn2GeO4,27.295225,13.736092187566076,1.9871171966003303,NTE,NTE,This work,This work,This work,This work,,,trigonal,trigonal,trigonal,trigonal,non_cubic,False,non_cubic,existing_non_cubic_classification,True,False,,legacy_master_v11_20260805:0128,legacy_selected_v11_20260805:0128,phase_feature_recomputed_342_20260810_r12,False
ws-20260903T041335420016Z-rebuild,0129,129,Ga2O3,35.100908,14.793358672472948,2.372747715859465,PTE,PTE,This work,This work,This work,This work,,,triclinic,triclinic,triclinic,triclinic,non_cubic,False,non_cubic,existing_non_cubic_classification,True,False,,legacy_master_v11_20260805:0129,legacy_selected_v11_20260805:0129,phase_feature_recomputed_342_20260810_r12,False
ws-20260903T041335420016Z-rebuild,0130,130,Ga2Se3,13.359577,4.701576237411957,2.841510235161889,NTE,NTE,This work,This work,This work,This work,,,monoclinic,monoclinic,monoclinic,monoclinic,non_cubic,False,non_cubic,existing_non_cubic_classification,True,False,,legacy_master_v11_20260805:0130,legacy_selected_v11_20260805:0130,phase_feature_recomputed_342_20260810_r12,False
ws-20260903T041335420016Z-rebuild,0131,131,ScF3,40.334471,18.35759522878056,2.1971543929002566,NTE,NTE,Exp.,Exp.,Literature,Exp.,2010,grevePronouncedNegativeThermal2010,cubic,cubic,cubic,cubic,cubic,True,cubic,experimentally_defensible_cubic,True,True,ScF3 (2010),legacy_master_v11_20260805:0131,legacy_selected_v11_20260805:0131,phase_feature_recomputed_342_20260810_r12,False
ws-20260903T041335420016Z-rebuild,0132,132,Zr(WO4)2 (equivalent to ZrW2O8),27.014496,18.327129952458932,1.4740167211165267,NTE,NTE,Exp.,Exp.,Literature,Exp.,1968,martinek1968linear,cubic,cubic,cubic,cubic,cubic,True,cubic,experimentally_defensible_cubic,True,True,Zr(WO4)2 (equivalent to ZrW2O8) (1968),legacy_master_v11_20260805:0132,legacy_selected_v11_20260805:0132,phase_feature_recomputed_342_20260810_r12,False
ws-20260903T041335420016Z-rebuild,0133,133,NaAl(CN)4,1.379604,13.975404755934893,0.09871656843528112,NTE,NTE,DFT,DFT,Literature,DFT,2024,gaoCriticalRoleNonrigid2024,cubic,cubic,cubic,cubic,cubic,True,cubic,supported_cubic_computational_model,True,True,NaAl(CN)4 (2024),legacy_master_v11_20260805:0133,legacy_selected_v11_20260805:0133,phase_feature_recomputed_342_20260810_r12,False
ws-20260903T041335420016Z-rebuild,0134,134,Be(CN)2,11.006347,24.70704135774286,0.4454740994939387,NTE,NTE,This work,This work,This work,This work,,,tetragonal,tetragonal,tetragonal,tetragonal,non_cubic,False,non_cubic,existing_non_cubic_classification,True,False,,legacy_master_v11_20260805:0134,legacy_selected_v11_20260805:0134,phase_feature_recomputed_342_20260810_r12,False
ws-20260903T041335420016Z-rebuild,0135,135,CaSnF6,22.206148,12.278978253751147,1.8084687130393906,NTE,NTE,Exp.,Exp.,Literature,Exp.,2023,gaoNewIsotropicNegative2023,trigonal,trigonal,rhombohedral,cubic,cubic,False,non_cubic,non_cubic,True,False,,legacy_master_v11_20260805:0135,legacy_selected_v11_20260805:0135,phase_feature_recomputed_342_20260810_r12,False
ws-20260903T041335420016Z-rebuild,0136,136,HfTiF6,29.485702,19.376148721511914,1.5217524609141853,NTE,NTE,This work,This work,This work,This work,,,cubic,cubic,cubic,cubic,cubic,True,cubic,this_work_cubic_structural_model,False,False,,legacy_master_v11_20260805:0136,legacy_selected_v11_20260805:0136,phase_feature_recomputed_342_20260810_r12,False
ws-20260903T041335420016Z-rebuild,0137,137,Zr2(PO4)3,40.326608,21.1193250555246,1.909464809788084,NTE,NTE,This work,This work,This work,This work,,,trigonal,trigonal,trigonal,trigonal,non_cubic,False,non_cubic,existing_non_cubic_classification,True,False,,legacy_master_v11_20260805:0137,legacy_selected_v11_20260805:0137,phase_feature_recomputed_342_20260810_r12,False
ws-20260903T041335420016Z-rebuild,0139,139,LiGa(CN)4,1.671814,16.57609037932408,0.10085695491171491,NTE,NTE,This work,This work,This work,This work,,,cubic,cubic,cubic,cubic,cubic,True,cubic,this_work_cubic_structural_model,False,False,,legacy_master_v11_20260805:0139,legacy_selected_v11_20260805:0139,phase_feature_recomputed_342_20260810_r12,False
ws-20260903T041335420016Z-rebuild,0140,140,AgCN,10.826364,15.5944918984651,0.6942428179443021,PTE,PTE,Exp.,Exp.,Literature,Exp.,2010,hibbleStructuresNegativeThermal2010,trigonal,trigonal,trigonal,trigonal,non_cubic,False,non_cubic,existing_non_cubic_classification,False,False,,legacy_master_v11_20260805:0140,literature:hibbleStructuresNegativeThermal2010:volumetric_trace,phase_feature_recomputed_342_20260810_r12,False
ws-20260903T041335420016Z-rebuild,0141,141,LiAl(CN)4,1.76925,17.21122053490062,0.10279631223203171,NTE,NTE,This work,This work,This work,This work,,,cubic,cubic,cubic,cubic,cubic,True,cubic,this_work_cubic_structural_model,False,False,,legacy_master_v11_20260805:0141,legacy_selected_v11_20260805:0141,phase_feature_recomputed_342_20260810_r12,False
ws-20260903T041335420016Z-rebuild,0142,142,ZrFeF6,24.507949,14.922748868867254,1.6423213454412526,NTE,NTE,This work,This work,This work,This work,,,cubic,cubic,cubic,cubic,cubic,True,cubic,this_work_cubic_structural_model,False,False,,legacy_master_v11_20260805:0142,legacy_selected_v11_20260805:0142,phase_feature_recomputed_342_20260810_r12,False
ws-20260903T041335420016Z-rebuild,0143,143,MgZrF6,34.953087,17.62015987471234,1.9836986297816228,NTE,NTE,DFT,DFT,Literature,DFT,2018,guptaNegativeThermalExpansion2018,cubic,cubic,cubic,cubic,cubic,True,cubic,calculated_structure_fallback_cubic,True,True,MgZrF6 (2018),legacy_master_v11_20260805:0143,legacy_selected_v11_20260805:0143,phase_feature_recomputed_342_20260810_r12,False
ws-20260903T041335420016Z-rebuild,0144,144,CaAl4O7 (pure CA2; literature MD),43.065698,21.561339305108138,1.9973572787195655,PTE,PTE,DFT,DFT,Literature,MD/DFT,2004,suzukiAnisotropicThermalExpansion2004,monoclinic,monoclinic,monoclinic,monoclinic,non_cubic,False,non_cubic,existing_non_cubic_classification,True,False,,legacy_master_v11_20260805:0144,literature:suzukiAnisotropicThermalExpansion2004:C2c_positive_volume,phase_feature_recomputed_342_20260810_r12,False
ws-20260903T041335420016Z-rebuild,0145,145,Cr2(MoO4)3,20.301057,15.350226276164426,1.3225249344710404,PTE,PTE,Exp.,Exp.,Literature,Exp.,2002,tyagiPhaseTransitionNegative2002a,monoclinic,monoclinic,monoclinic,monoclinic,non_cubic,False,non_cubic,existing_non_cubic_classification,True,False,,legacy_master_v11_20260805:0145,literature:tyagiPhaseTransitionNegative2002a:low_temperature_monoclinic,phase_feature_recomputed_342_20260810_r12,False
ws-20260903T041335420016Z-rebuild,0146,146,Cr2(WO4)3,31.543058,14.99117055773028,2.104109073973189,PTE,PTE,Exp.,Exp.,Literature,Exp. (variable-temperature powder XRD and thermo-dilatometry),2007,yangNegativeThermalExpansionCr2WO4Cr2MoO42007,monoclinic,monoclinic,monoclinic,monoclinic,non_cubic,False,non_cubic,existing_non_cubic_classification,True,False,,legacy_master_v11_20260805:0146,wsl_agv_cr2wo43_p21c_reopt_imported_tensor_symred_20260807_r2,phase_feature_recomputed_342_20260810_r12,False
ws-20260903T041335420016Z-rebuild,0147,147,ScCuO2,43.163411,17.631346878554208,2.448106278965085,NTE,NTE,This work,This work,This work,This work,,,hexagonal,hexagonal,hexagonal,hexagonal,non_cubic,False,non_cubic,existing_non_cubic_classification,True,False,,legacy_master_v11_20260805:0147,gengzi2_agv_sccuo2_universal_5M_20260730_imported_20260810_r1,phase_feature_recomputed_342_20260810_r12,False
ws-20260903T041335420016Z-rebuild,0148,148,Dy2Mo4O15,22.806155,16.595114930051114,1.3742691807877558,NTE,NTE,Exp.,Exp.,Literature,Exp.,2003,sebastianAnomalousThermalExpansion2003,monoclinic,monoclinic,monoclinic,monoclinic,non_cubic,False,non_cubic,existing_non_cubic_classification,True,False,,legacy_master_v11_20260805:0148,legacy_selected_v11_20260805:0148,phase_feature_recomputed_342_20260810_r12,False
ws-20260903T041335420016Z-rebuild,0149,149,Ho2Mo4O15,25.26208,16.814617886877244,1.5023879918029819,PTE,PTE,Exp.,Exp.,Literature,Exp.,2003,sebastianAnomalousThermalExpansion2003,monoclinic,monoclinic,monoclinic,monoclinic,non_cubic,False,non_cubic,existing_non_cubic_classification,True,False,,legacy_master_v11_20260805:0149,literature:sebastianAnomalousThermalExpansion2003:Ho2Mo4O15_low_positive,phase_feature_recomputed_342_20260810_r12,False
ws-20260903T041335420016Z-rebuild,0150,150,Lu2(MoO4)3,18.605776,15.091531465378022,1.2328620221668105,NTE,NTE,Exp.,Exp.,Literature,Exp.,2006,sumithraNegativeThermalExpansion2006,orthorhombic,orthorhombic,orthorhombic,orthorhombic,non_cubic,False,non_cubic,existing_non_cubic_classification,True,False,,legacy_master_v11_20260805:0150,legacy_selected_v11_20260805:0150,phase_feature_recomputed_342_20260810_r12,False
ws-20260903T041335420016Z-rebuild,0151,151,Lu2(WO4)3 (Lu2W3O12 notation in the paper),20.237095,15.131672799942931,1.3373997222617928,NTE,NTE,Exp.,Exp.,Literature,Exp.,2005,sumithraNegativeThermalExpansion2005,orthorhombic,orthorhombic,orthorhombic,orthorhombic,non_cubic,False,non_cubic,existing_non_cubic_classification,True,False,,legacy_master_v11_20260805:0151,legacy_selected_v11_20260805:0151,phase_feature_recomputed_342_20260810_r12,False
ws-20260903T041335420016Z-rebuild,0152,152,ReO3,118.872791,22.299287627385628,5.3307887223273,NTE,NTE,Exp.,Exp.,Literature,Exp.,2009,rodriguezRoleStaticDisorder2009,cubic,cubic,cubic,cubic,cubic,True,cubic,experimentally_defensible_cubic,True,True,ReO3 (2009),legacy_master_v11_20260805:0152,legacy_selected_v11_20260805:0152,phase_feature_recomputed_342_20260810_r12,False
ws-20260903T041335420016Z-rebuild,0153,153,Th2O(PO4)2 (not Th2P2O9),33.984643,18.186543412651453,1.8686697207320118,NTE,NTE,Exp.,Exp.,Literature,Exp.,2011,wallezNegativeThermalExpansion2011,orthorhombic,orthorhombic,orthorhombic,orthorhombic,non_cubic,False,non_cubic,existing_non_cubic_classification,True,False,,legacy_master_v11_20260805:0153,legacy_selected_v11_20260805:0153,phase_feature_recomputed_342_20260810_r12,False
ws-20260903T041335420016Z-rebuild,0154,154,Tm2Mo4O15,25.566181,16.901145313158402,1.512689260182588,PTE,PTE,Exp.,Exp.,Literature,Exp.,2003,sebastianAnomalousThermalExpansion2003,monoclinic,monoclinic,monoclinic,monoclinic,non_cubic,False,non_cubic,existing_non_cubic_classification,True,False,,legacy_master_v11_20260805:0154,literature:sebastianAnomalousThermalExpansion2003:Tm2Mo4O15_low_positive,phase_feature_recomputed_342_20260810_r12,False
ws-20260903T041335420016Z-rebuild,0155,155,U2O(PO4)2 (not U2P2O9),38.066551,17.954402528463955,2.120179211736582,NTE,NTE,Exp.,Exp.,Literature,Exp.,2004,wallezWhyDoesUranium2004,orthorhombic,orthorhombic,orthorhombic,orthorhombic,non_cubic,False,non_cubic,existing_non_cubic_classification,True,False,,legacy_master_v11_20260805:0155,legacy_selected_v11_20260805:0155,phase_feature_recomputed_342_20260810_r12,False
ws-20260903T041335420016Z-rebuild,0156,156,Y2Mo4O15,23.442861,16.2215508343965,1.4451676809033136,NTE,NTE,Exp.,Exp.,Literature,Exp.,2003,sebastianAnomalousThermalExpansion2003,monoclinic,monoclinic,monoclinic,monoclinic,non_cubic,False,non_cubic,existing_non_cubic_classification,True,False,,legacy_master_v11_20260805:0156,legacy_selected_v11_20260805:0156,phase_feature_recomputed_342_20260810_r12,False
ws-20260903T041335420016Z-rebuild,0157,157,ZnO,38.724917,11.52155969760037,3.3610828756166886,NTE,NTE,DFT,DFT,Literature,DFT,2013,wangFirstprinciplesStudyNegative2013,hexagonal,hexagonal,hexagonal,hexagonal,non_cubic,False,non_cubic,existing_non_cubic_classification,True,False,,legacy_master_v11_20260805:0157,legacy_selected_v11_20260805:0157,phase_feature_recomputed_342_20260810_r12,False
ws-20260903T041335420016Z-rebuild,0158,158,YN,116.45446,11.515013628801526,10.113271573445848,PTE,PTE,This work,This work,This work,This work,,,cubic,cubic,cubic,cubic,cubic,True,cubic,this_work_cubic_structural_model,False,False,,legacy_master_v11_20260805:0158,legacy_selected_v11_20260805:0158,phase_feature_recomputed_342_20260810_r12,False
ws-20260903T041335420016Z-rebuild,0159,159,Ca3N2,30.357987,6.915205186070054,4.390034161408969,PTE,PTE,This work,This work,This work,This work,,,cubic,cubic,cubic,cubic,cubic,True,cubic,this_work_cubic_structural_model,False,False,,legacy_master_v11_20260805:0159,legacy_selected_v11_20260805:0159,phase_feature_recomputed_342_20260810_r12,False
ws-20260903T041335420016Z-rebuild,0160,160,BP,122.525865,17.302813304904614,7.081268394964945,PTE,PTE,This work,This work,This work,This work,,,cubic,cubic,cubic,cubic,cubic,True,cubic,this_work_cubic_structural_model,False,False,,legacy_master_v11_20260805:0160,legacy_selected_v11_20260805:0160,phase_feature_recomputed_342_20260810_r12,False
ws-20260903T041335420016Z-rebuild,0161,161,CoO2,43.0025,13.918621000249377,3.089566128658114,PTE,PTE,This work,This work,This work,This work,,,orthorhombic,orthorhombic,orthorhombic,orthorhombic,non_cubic,False,non_cubic,existing_non_cubic_classification,True,False,,legacy_master_v11_20260805:0161,legacy_selected_v11_20260805:0161,phase_feature_recomputed_342_20260810_r12,False
ws-20260903T041335420016Z-rebuild,0162,162,Be2SiO4,92.636848,31.153124043371644,2.9735973789026806,PTE,PTE,This work,This work,This work,This work,,,trigonal,trigonal,trigonal,trigonal,non_cubic,False,non_cubic,existing_non_cubic_classification,True,False,,legacy_master_v11_20260805:0162,legacy_selected_v11_20260805:0162,phase_feature_recomputed_342_20260810_r12,False
ws-20260903T041335420016Z-rebuild,0163,163,SrPdF4,23.60748,10.734977670121005,2.199117755569015,PTE,PTE,This work,This work,This work,This work,,,tetragonal,tetragonal,tetragonal,tetragonal,non_cubic,False,non_cubic,existing_non_cubic_classification,True,False,,legacy_master_v11_20260805:0163,legacy_selected_v11_20260805:0163,phase_feature_recomputed_342_20260810_r12,False
ws-20260903T041335420016Z-rebuild,0164,164,Si2P2Pt,54.715098,9.970686019822926,5.487596128412807,PTE,PTE,This work,This work,This work,This work,,,monoclinic,monoclinic,monoclinic,monoclinic,non_cubic,False,non_cubic,existing_non_cubic_classification,True,False,,legacy_master_v11_20260805:0164,legacy_selected_v11_20260805:0164,phase_feature_recomputed_342_20260810_r12,False
ws-20260903T041335420016Z-rebuild,0165,165,BeS,64.365992,11.510238539465877,5.592064124414476,PTE,PTE,This work,This work,This work,This work,,,cubic,cubic,cubic,cubic,cubic,True,cubic,this_work_cubic_structural_model,False,False,,legacy_master_v11_20260805:0165,legacy_selected_v11_20260805:0165,phase_feature_recomputed_342_20260810_r12,False
ws-20260903T041335420016Z-rebuild,0166,166,CaO,73.280632,10.017297222963347,7.31540957295484,PTE,PTE,This work,This work,This work,This work,,,cubic,cubic,cubic,cubic,cubic,True,cubic,this_work_cubic_structural_model,False,False,,legacy_master_v11_20260805:0166,legacy_selected_v11_20260805:0166,phase_feature_recomputed_342_20260810_r12,False
ws-20260903T041335420016Z-rebuild,0167,167,Ca3Fe2(SiO4)3,76.610215,16.277357877554255,4.706551000248145,PTE,PTE,This work,This work,This work,This work,,,cubic,cubic,cubic,cubic,cubic,True,cubic,this_work_cubic_structural_model,False,False,,legacy_master_v11_20260805:0167,legacy_selected_v11_20260805:0167,phase_feature_recomputed_342_20260810_r12,False
ws-20260903T041335420016Z-rebuild,0168,168,YAgO2,31.768995,13.108719669741175,2.423500982581258,PTE,PTE,This work,This work,This work,This work,,,hexagonal,hexagonal,hexagonal,hexagonal,non_cubic,False,non_cubic,existing_non_cubic_classification,True,False,,legacy_master_v11_20260805:0168,legacy_selected_v11_20260805:0168,phase_feature_recomputed_342_20260810_r12,False
ws-20260903T041335420016Z-rebuild,0169,169,Cr2FeO4,56.58073,13.897925473800772,4.07116372200019,PTE,PTE,This work,This work,This work,This work,,,cubic,cubic,cubic,cubic,cubic,True,cubic,this_work_cubic_structural_model,False,False,,legacy_master_v11_20260805:0169,legacy_selected_v11_20260805:0169,phase_feature_recomputed_342_20260810_r12,False
ws-20260903T041335420016Z-rebuild,0170,170,beta-rhombohedral B,134.12525,19.804531043322882,6.7724527133007,PTE,PTE,Exp.,Exp.,Literature,Exp.,1998,lundstromThermalExpansionVrhombohedral1998,trigonal,trigonal,trigonal,trigonal,non_cubic,False,non_cubic,existing_non_cubic_classification,True,False,,legacy_master_v11_20260805:0170,legacy_selected_v11_20260805:0170,phase_feature_recomputed_342_20260810_r12,False
ws-20260903T041335420016Z-rebuild,0171,171,V3S4,65.619576,9.869071933586186,6.64901182619665,PTE,PTE,This work,This work,This work,This work,,,monoclinic,monoclinic,monoclinic,monoclinic,non_cubic,False,non_cubic,existing_non_cubic_classification,True,False,,legacy_master_v11_20260805:0171,legacy_selected_v11_20260805:0171,phase_feature_recomputed_342_20260810_r12,False
ws-20260903T041335420016Z-rebuild,0172,172,Cu (for 0172) / Fe (for 0189),73.179947,4.505829398188252,16.241171276796436,PTE,PTE,Exp.,Exp.,Literature,Exp.,1941,nixThermalExpansionPure1941,cubic,cubic,cubic,cubic,cubic,True,cubic,experimentally_defensible_cubic,True,True,Cu (for 0172) / Fe (for 0189) (1941),legacy_master_v11_20260805:0172,legacy_selected_v11_20260805:0172,phase_feature_recomputed_342_20260810_r12,False
ws-20260903T041335420016Z-rebuild,0173,173,ReBiO4,66.363268,14.572231950266525,4.554090837044782,PTE,PTE,This work,This work,This work,This work,,,orthorhombic,orthorhombic,orthorhombic,orthorhombic,non_cubic,False,non_cubic,existing_non_cubic_classification,True,False,,legacy_master_v11_20260805:0173,legacy_selected_v11_20260805:0173,phase_feature_recomputed_342_20260810_r12,False
ws-20260903T041335420016Z-rebuild,0174,174,ZnAl2S4 (equivalent to Al2ZnS4),42.630075,7.428020061886926,5.739089911554542,PTE,PTE,DFT,DFT,Literature,DFT,2015,haddouStructuralElasticElectronic2015,cubic,cubic,cubic,cubic,cubic,True,cubic,supported_cubic_computational_model,True,True,ZnAl2S4 (equivalent to Al2ZnS4) (2015),legacy_master_v11_20260805:0174,legacy_selected_v11_20260805:0174,phase_feature_recomputed_342_20260810_r12,False
ws-20260903T041335420016Z-rebuild,0175,175,Al5BO9,73.486665,22.89172827900367,3.210184224814607,PTE,PTE,This work,This work,This work,This work,,,orthorhombic,orthorhombic,orthorhombic,orthorhombic,non_cubic,False,non_cubic,existing_non_cubic_classification,True,False,,legacy_master_v11_20260805:0175,legacy_selected_v11_20260805:0175,phase_feature_recomputed_342_20260810_r12,False
ws-20260903T041335420016Z-rebuild,0176,176,CoAs3,74.452108,7.477719448066296,9.956525985907772,PTE,PTE,This work,This work,This work,This work,,,cubic,cubic,cubic,cubic,cubic,True,cubic,this_work_cubic_structural_model,False,False,,legacy_master_v11_20260805:0176,legacy_selected_v11_20260805:0176,phase_feature_recomputed_342_20260810_r12,False
ws-20260903T041335420016Z-rebuild,0177,177,Cu4SiP8,27.292238,8.577542588999677,3.181824831158647,PTE,PTE,This work,This work,This work,This work,,,tetragonal,tetragonal,tetragonal,tetragonal,non_cubic,False,non_cubic,existing_non_cubic_classification,True,False,,legacy_master_v11_20260805:0177,legacy_selected_v11_20260805:0177,phase_feature_recomputed_342_20260810_r12,False
ws-20260903T041335420016Z-rebuild,0178,178,Fe3O4,60.986796,11.174023463741763,5.457908353056008,PTE,PTE,Exp.,Exp.,Literature,Exp.,1852,holcombReviewThermalExpansion2019,orthorhombic,orthorhombic,orthorhombic,orthorhombic,non_cubic,False,non_cubic,existing_non_cubic_classification,True,False,,legacy_master_v11_20260805:0178,legacy_selected_v11_20260805:0178,phase_feature_recomputed_342_20260810_r12,False
ws-20260903T041335420016Z-rebuild,0179,179,Si3P2Pt,57.079392,10.42901602213203,5.473133024138466,PTE,PTE,This work,This work,This work,This work,,,triclinic,triclinic,triclinic,triclinic,non_cubic,False,non_cubic,existing_non_cubic_classification,True,False,,legacy_master_v11_20260805:0179,legacy_selected_v11_20260805:0179,phase_feature_recomputed_342_20260810_r12,False
ws-20260903T041335420016Z-rebuild,0180,180,PtO2,81.280118,15.347795822227827,5.295882154119099,PTE,PTE,This work,This work,This work,This work,,,orthorhombic,orthorhombic,orthorhombic,orthorhombic,non_cubic,False,non_cubic,existing_non_cubic_classification,True,False,,legacy_master_v11_20260805:0180,legacy_selected_v11_20260805:0180,phase_feature_recomputed_342_20260810_r12,False
ws-20260903T041335420016Z-rebuild,0181,181,GaN,90.624311,15.33262830840532,5.910552918726916,PTE,PTE,This work,This work,This work,This work,,,hexagonal,hexagonal,hexagonal,hexagonal,non_cubic,False,non_cubic,existing_non_cubic_classification,True,False,,legacy_master_v11_20260805:0181,legacy_selected_v11_20260805:0181,phase_feature_recomputed_342_20260810_r12,False
ws-20260903T041335420016Z-rebuild,0182,182,NbGaO4,57.948276,18.077798803507516,3.2054940222454893,PTE,PTE,Exp.,Exp.,Literature,Exp.,2007,taberoThermalExpansionMNbO42007,monoclinic,monoclinic,monoclinic,monoclinic,non_cubic,False,non_cubic,existing_non_cubic_classification,True,False,,legacy_master_v11_20260805:0182,legacy_selected_v11_20260805:0182,phase_feature_recomputed_342_20260810_r12,False
ws-20260903T041335420016Z-rebuild,0183,183,MoP4,77.127417,9.896348362389915,7.793522840517119,PTE,PTE,This work,This work,This work,This work,,,monoclinic,monoclinic,monoclinic,monoclinic,non_cubic,False,non_cubic,existing_non_cubic_classification,True,False,,legacy_master_v11_20260805:0183,legacy_selected_v11_20260805:0183,phase_feature_recomputed_342_20260810_r12,False
ws-20260903T041335420016Z-rebuild,0184,184,Ti2NiS4,44.798294,9.326221440351791,4.80347740899343,PTE,PTE,This work,This work,This work,This work,,,monoclinic,monoclinic,monoclinic,monoclinic,non_cubic,False,non_cubic,existing_non_cubic_classification,True,False,,legacy_master_v11_20260805:0184,legacy_selected_v11_20260805:0184,phase_feature_recomputed_342_20260810_r12,False
ws-20260903T041335420016Z-rebuild,0185,185,NiP3,73.266397,9.750175562140353,7.51436694991332,PTE,PTE,DFT,DFT,Literature,DFT,2011,zhaoStructureElasticThermodynamic2011,cubic,cubic,cubic,cubic,cubic,True,cubic,supported_cubic_computational_model,True,True,NiP3 (2011),legacy_master_v11_20260805:0185,legacy_selected_v11_20260805:0185,phase_feature_recomputed_342_20260810_r12,False
ws-20260903T041335420016Z-rebuild,0186,186,epsilon-Ga2O3,62.780719734096294,15.98654214,3.927098129433029,PTE,PTE,DFT,DFT,Literature,DFT,2022,liuElectronicThermalThermoelectric2022,monoclinic,monoclinic,monoclinic,orthorhombic,non_cubic,False,non_cubic,existing_non_cubic_classification,True,False,,phaseaudit_mattersim_agv_20260806_0186,legacy_selected_v11_20260805:0186,phase_feature_recomputed_342_20260810_r12,False
ws-20260903T041335420016Z-rebuild,0187,187,GePtSe,57.255482,8.39739408680927,6.818244018098141,PTE,PTE,This work,This work,This work,This work,,,orthorhombic,orthorhombic,orthorhombic,orthorhombic,non_cubic,False,non_cubic,existing_non_cubic_classification,True,False,,legacy_master_v11_20260805:0187,legacy_selected_v11_20260805:0187,phase_feature_recomputed_342_20260810_r12,False
ws-20260903T041335420016Z-rebuild,0188,188,HfO2,95.466133,22.12951192499859,4.313973725383286,PTE,PTE,Exp.,Exp.,Literature,Exp.,1977,doleElasticPropertiesMonoclinic1977,monoclinic,monoclinic,monoclinic,monoclinic,non_cubic,False,non_cubic,existing_non_cubic_classification,True,False,,legacy_master_v11_20260805:0188,legacy_selected_v11_20260805:0188,phase_feature_recomputed_342_20260810_r12,False
ws-20260903T041335420016Z-rebuild,0189,189,Cu (for 0172) / Fe (for 0189),91.28724,7.598409895874703,12.013992565676311,PTE,PTE,Exp.,Exp.,Literature,Exp.,1941,nixThermalExpansionPure1941,cubic,cubic,cubic,cubic,cubic,True,cubic,experimentally_defensible_cubic,True,True,Cu (for 0172) / Fe (for 0189) (1941),legacy_master_v11_20260805:0189,legacy_selected_v11_20260805:0189,phase_feature_recomputed_342_20260810_r12,False
ws-20260903T041335420016Z-rebuild,0190,190,Al2FeO4,72.972603,19.067368555827603,3.8270935386989846,PTE,PTE,This work,This work,This work,This work,,,cubic,cubic,cubic,cubic,cubic,True,cubic,this_work_cubic_structural_model,False,False,,legacy_master_v11_20260805:0190,legacy_selected_v11_20260805:0190,phase_feature_recomputed_342_20260810_r12,False
ws-20260903T041335420016Z-rebuild,0191,191,ZnCu2GeS4,23.866174,7.586695251305182,3.145793156235473,PTE,PTE,This work,This work,This work,This work,,,tetragonal,tetragonal,tetragonal,tetragonal,non_cubic,False,non_cubic,existing_non_cubic_classification,True,False,,legacy_master_v11_20260805:0191,legacy_selected_v11_20260805:0191,phase_feature_recomputed_342_20260810_r12,False
ws-20260903T041335420016Z-rebuild,0192,192,VAuS2,50.716526,10.488631045648619,4.835380878521853,PTE,PTE,This work,This work,This work,This work,,,hexagonal,hexagonal,hexagonal,hexagonal,non_cubic,False,non_cubic,existing_non_cubic_classification,True,False,,legacy_master_v11_20260805:0192,legacy_selected_v11_20260805:0192,phase_feature_recomputed_342_20260810_r12,False
ws-20260903T041335420016Z-rebuild,0193,193,Ti3NiS6,42.246964,9.500194580429886,4.446957758847115,PTE,PTE,This work,This work,This work,This work,,,trigonal,trigonal,trigonal,trigonal,non_cubic,False,non_cubic,existing_non_cubic_classification,True,False,,legacy_master_v11_20260805:0193,legacy_selected_v11_20260805:0193,phase_feature_recomputed_342_20260810_r12,False
ws-20260903T041335420016Z-rebuild,0194,194,Ti2CuS4,32.929172,9.41705761784968,3.4967580465456627,PTE,PTE,This work,This work,This work,This work,,,cubic,cubic,cubic,cubic,cubic,True,cubic,this_work_cubic_structural_model,False,False,,legacy_master_v11_20260805:0194,legacy_selected_v11_20260805:0194,phase_feature_recomputed_342_20260810_r12,False
ws-20260903T041335420016Z-rebuild,0195,195,beta-Si3N4,110.475297,26.448673107151414,4.176969353147957,PTE,PTE,Exp.,Exp.,Literature,Exp.,1982,slackThermalGruneisenParameters1982,hexagonal,hexagonal,hexagonal,hexagonal,non_cubic,False,non_cubic,existing_non_cubic_classification,True,False,,legacy_master_v11_20260805:0195,legacy_selected_v11_20260805:0195,phase_feature_recomputed_342_20260810_r12,False
ws-20260903T041335420016Z-rebuild,0196,196,Sc2S3,35.833648,8.075391732529184,4.437388201943861,PTE,PTE,This work,This work,This work,This work,,,orthorhombic,orthorhombic,orthorhombic,orthorhombic,non_cubic,False,non_cubic,existing_non_cubic_classification,True,False,,legacy_master_v11_20260805:0196,legacy_selected_v11_20260805:0196,phase_feature_recomputed_342_20260810_r12,False
ws-20260903T041335420016Z-rebuild,0197,197,CoF2,27.552401,12.101254534927183,2.276821871689173,PTE,PTE,Exp.,Exp.,Literature,Exp.,1963,krishnaraoXrayStudiesThermal1963,tetragonal,tetragonal,tetragonal,tetragonal,non_cubic,False,non_cubic,existing_non_cubic_classification,True,False,,legacy_master_v11_20260805:0197,legacy_selected_v11_20260805:0197,phase_feature_recomputed_342_20260810_r12,False
ws-20260903T041335420016Z-rebuild,0198,198,RuO2,107.22274,19.212205622585245,5.580969832737603,PTE,PTE,This work,This work,This work,This work,,,tetragonal,tetragonal,tetragonal,tetragonal,non_cubic,False,non_cubic,existing_non_cubic_classification,True,False,,legacy_master_v11_20260805:0198,legacy_selected_v11_20260805:0198,phase_feature_recomputed_342_20260810_r12,False
ws-20260903T041335420016Z-rebuild,0199,199,RhO2,81.059878,17.056097801796444,4.752545332582598,PTE,PTE,This work,This work,This work,This work,,,tetragonal,tetragonal,tetragonal,tetragonal,non_cubic,False,non_cubic,existing_non_cubic_classification,True,False,,legacy_master_v11_20260805:0199,legacy_selected_v11_20260805:0199,phase_feature_recomputed_342_20260810_r12,False
ws-20260903T041335420016Z-rebuild,0200,200,PtS,38.491708,10.197910034898397,3.774470246185448,PTE,PTE,This work,This work,This work,This work,,,tetragonal,tetragonal,tetragonal,tetragonal,non_cubic,False,non_cubic,existing_non_cubic_classification,True,False,,legacy_master_v11_20260805:0200,legacy_selected_v11_20260805:0200,phase_feature_recomputed_342_20260810_r12,False
ws-20260903T041335420016Z-rebuild,0201,201,P3Rh,90.270201,10.212898924791581,8.838842102007995,PTE,PTE,This work,This work,This work,This work,,,cubic,cubic,cubic,cubic,cubic,True,cubic,this_work_cubic_structural_model,False,False,,legacy_master_v11_20260805:0201,legacy_selected_v11_20260805:0201,phase_feature_recomputed_342_20260810_r12,False
ws-20260903T041335420016Z-rebuild,0202,202,P3Ir,109.701469,10.837707606275819,10.12220231301266,PTE,PTE,This work,This work,This work,This work,,,cubic,cubic,cubic,cubic,cubic,True,cubic,this_work_cubic_structural_model,False,False,,legacy_master_v11_20260805:0202,legacy_selected_v11_20260805:0202,phase_feature_recomputed_342_20260810_r12,False
ws-20260903T041335420016Z-rebuild,0203,203,P2W,112.116208,11.4206938477713,9.816934898563892,PTE,PTE,This work,This work,This work,This work,,,orthorhombic,orthorhombic,orthorhombic,orthorhombic,non_cubic,False,non_cubic,existing_non_cubic_classification,True,False,,legacy_master_v11_20260805:0203,legacy_selected_v11_20260805:0203,phase_feature_recomputed_342_20260810_r12,False
ws-20260903T041335420016Z-rebuild,0204,204,P2Ru,129.479796,12.142252228532199,10.663573245146795,PTE,PTE,This work,This work,This work,This work,,,orthorhombic,orthorhombic,orthorhombic,orthorhombic,non_cubic,False,non_cubic,existing_non_cubic_classification,True,False,,legacy_master_v11_20260805:0204,legacy_selected_v11_20260805:0204,phase_feature_recomputed_342_20260810_r12,False
ws-20260903T041335420016Z-rebuild,0205,205,P2Pt,101.906049,10.819372332088234,9.418850361380551,PTE,PTE,This work,This work,This work,This work,,,cubic,cubic,cubic,cubic,cubic,True,cubic,this_work_cubic_structural_model,False,False,,legacy_master_v11_20260805:0205,legacy_selected_v11_20260805:0205,phase_feature_recomputed_342_20260810_r12,False
ws-20260903T041335420016Z-rebuild,0206,206,P2Pd,42.330923,9.571122382208987,4.422775230487665,PTE,PTE,This work,This work,This work,This work,,,monoclinic,monoclinic,monoclinic,monoclinic,non_cubic,False,non_cubic,existing_non_cubic_classification,True,False,,legacy_master_v11_20260805:0206,legacy_selected_v11_20260805:0206,phase_feature_recomputed_342_20260810_r12,False
ws-20260903T041335420016Z-rebuild,0207,207,OsS2,149.012438,11.404175462380138,13.066480649263877,PTE,PTE,This work,This work,This work,This work,,,cubic,cubic,cubic,cubic,cubic,True,cubic,this_work_cubic_structural_model,False,False,,legacy_master_v11_20260805:0207,legacy_selected_v11_20260805:0207,phase_feature_recomputed_342_20260810_r12,False
ws-20260903T041335420016Z-rebuild,0208,208,CoO2,14.087274,6.007978953844462,2.3447608768645334,PTE,PTE,This work,This work,This work,This work,,,orthorhombic,orthorhombic,orthorhombic,orthorhombic,non_cubic,False,non_cubic,existing_non_cubic_classification,True,False,,legacy_master_v11_20260805:0208,legacy_selected_v11_20260805:0208,phase_feature_recomputed_342_20260810_r12,False
ws-20260903T041335420016Z-rebuild,0209,209,NiPS,68.718175,9.735583695461987,7.058454546698763,PTE,PTE,This work,This work,This work,This work,,,cubic,cubic,cubic,cubic,cubic,True,cubic,this_work_cubic_structural_model,False,False,,legacy_master_v11_20260805:0209,legacy_selected_v11_20260805:0209,phase_feature_recomputed_342_20260810_r12,False
ws-20260903T041335420016Z-rebuild,0210,210,NbBO4,134.864138,28.5543235912545,4.723072412098937,PTE,PTE,This work,This work,This work,This work,,,tetragonal,tetragonal,tetragonal,tetragonal,non_cubic,False,non_cubic,existing_non_cubic_classification,True,False,,legacy_master_v11_20260805:0210,legacy_selected_v11_20260805:0210,phase_feature_recomputed_342_20260810_r12,False
ws-20260903T041335420016Z-rebuild,0211,211,MnP4,80.817369,9.367743475883366,8.627197062778134,PTE,PTE,This work,This work,This work,This work,,,triclinic,triclinic,triclinic,triclinic,non_cubic,False,non_cubic,existing_non_cubic_classification,True,False,,legacy_master_v11_20260805:0211,legacy_selected_v11_20260805:0211,phase_feature_recomputed_342_20260810_r12,False
ws-20260903T041335420016Z-rebuild,0212,212,MgO,122.60979,13.713801061554205,8.940613142167344,PTE,PTE,Exp.,Exp.,Literature,Exp.,1959,engbergThermalExpansionAl21959,cubic,cubic,cubic,cubic,cubic,True,cubic,experimentally_defensible_cubic,True,True,MgO (1959),legacy_master_v11_20260805:0212,legacy_selected_v11_20260805:0212,phase_feature_recomputed_342_20260810_r12,False
ws-20260903T041335420016Z-rebuild,0213,213,MgB9N,163.360677,25.400570612006618,6.431378235368497,PTE,PTE,This work,This work,This work,This work,,,trigonal,trigonal,trigonal,trigonal,non_cubic,False,non_cubic,existing_non_cubic_classification,True,False,,legacy_master_v11_20260805:0213,legacy_selected_v11_20260805:0213,phase_feature_recomputed_342_20260810_r12,False
ws-20260903T041335420016Z-rebuild,0214,214,Mg(AlB14)2,155.04853,15.612428520964658,9.931096228354095,PTE,PTE,This work,This work,This work,This work,,,triclinic,triclinic,triclinic,triclinic,non_cubic,False,non_cubic,existing_non_cubic_classification,True,False,,legacy_master_v11_20260805:0214,legacy_selected_v11_20260805:0214,phase_feature_recomputed_342_20260810_r12,False
ws-20260903T041335420016Z-rebuild,0215,215,LiCaAlF6,34.517728,16.174666346529012,2.134061207847252,PTE,PTE,This work,This work,This work,This work,,,trigonal,trigonal,trigonal,trigonal,non_cubic,False,non_cubic,existing_non_cubic_classification,True,False,,legacy_master_v11_20260805:0215,legacy_selected_v11_20260805:0215,phase_feature_recomputed_342_20260810_r12,False
ws-20260903T041335420016Z-rebuild,0216,216,IrSe2,49.30117,7.884203205972247,6.253158209145928,PTE,PTE,This work,This work,This work,This work,,,orthorhombic,orthorhombic,orthorhombic,orthorhombic,non_cubic,False,non_cubic,existing_non_cubic_classification,True,False,,legacy_master_v11_20260805:0216,legacy_selected_v11_20260805:0216,phase_feature_recomputed_342_20260810_r12,False
ws-20260903T041335420016Z-rebuild,0217,217,IrO2,98.635397,18.011216465485884,5.476331772982172,PTE,PTE,This work,This work,This work,This work,,,tetragonal,tetragonal,tetragonal,tetragonal,non_cubic,False,non_cubic,existing_non_cubic_classification,True,False,,legacy_master_v11_20260805:0217,legacy_selected_v11_20260805:0217,phase_feature_recomputed_342_20260810_r12,False
ws-20260903T041335420016Z-rebuild,0218,218,AlN,105.730767,21.296654013561092,4.964665666854225,PTE,PTE,This work,This work,This work,This work,,,hexagonal,hexagonal,hexagonal,hexagonal,non_cubic,False,non_cubic,existing_non_cubic_classification,True,False,,legacy_master_v11_20260805:0218,legacy_selected_v11_20260805:0218,phase_feature_recomputed_342_20260810_r12,False
ws-20260903T041335420016Z-rebuild,0219,219,MgF2,48.958942,17.0918170122512,2.8644667775758914,PTE,PTE,Exp.,Exp.,Literature,Exp.,1975,browderThermalExpansionMagnesium1975,tetragonal,tetragonal,tetragonal,tetragonal,non_cubic,False,non_cubic,existing_non_cubic_classification,False,False,,legacy_master_v11_20260805:0219,legacy_selected_v11_20260805:0219,phase_feature_recomputed_342_20260810_r12,False
ws-20260903T041335420016Z-rebuild,0220,220,Hg2Pt2O7,62.643601,8.377516708798746,7.477585921637926,PTE,PTE,This work,This work,This work,This work,,,cubic,cubic,cubic,cubic,cubic,True,cubic,this_work_cubic_structural_model,False,False,,legacy_master_v11_20260805:0220,legacy_selected_v11_20260805:0220,phase_feature_recomputed_342_20260810_r12,False
ws-20260903T041335420016Z-rebuild,0221,221,GaP,37.936499,6.960810113268533,5.450012050707479,PTE,PTE,Exp.,Exp.,Literature,Exp.,1983,deusThermalExpansionGaP1983,cubic,cubic,cubic,cubic,cubic,True,cubic,experimentally_defensible_cubic,True,True,GaP (1983),legacy_master_v11_20260805:0221,legacy_selected_v11_20260805:0221,phase_feature_recomputed_342_20260810_r12,False
ws-20260903T041335420016Z-rebuild,0222,222,CuGaS2 (not GaCuS2 in the cited paper),23.786971,7.911242592667789,3.0067300707029236,PTE,PTE,Exp.,Exp.,Literature,Exp.,1979,yamamotoTemperatureDependenceTetragonal1979,tetragonal,tetragonal,tetragonal,tetragonal,non_cubic,False,non_cubic,existing_non_cubic_classification,True,False,,legacy_master_v11_20260805:0222,legacy_selected_v11_20260805:0222,phase_feature_recomputed_342_20260810_r12,False
ws-20260903T041335420016Z-rebuild,0223,223,Fe(SiP)4,64.832063,10.395617897979715,6.236479989573248,PTE,PTE,This work,This work,This work,This work,,,triclinic,triclinic,triclinic,triclinic,non_cubic,False,non_cubic,existing_non_cubic_classification,True,False,,legacy_master_v11_20260805:0223,legacy_selected_v11_20260805:0223,phase_feature_recomputed_342_20260810_r12,False
ws-20260903T041335420016Z-rebuild,0224,224,Mg(FeO2)2,66.975489,12.96870086344861,5.164394622499605,PTE,PTE,This work,This work,This work,This work,,,cubic,cubic,cubic,cubic,cubic,True,cubic,this_work_cubic_structural_model,False,False,,legacy_master_v11_20260805:0224,legacy_selected_v11_20260805:0224,phase_feature_recomputed_342_20260810_r12,False
ws-20260903T041335420016Z-rebuild,0225,225,FeP4,82.874923,10.109037896554963,8.198101921078242,PTE,PTE,This work,This work,This work,This work,,,monoclinic,monoclinic,monoclinic,monoclinic,non_cubic,False,non_cubic,existing_non_cubic_classification,True,False,,legacy_master_v11_20260805:0225,legacy_selected_v11_20260805:0225,phase_feature_recomputed_342_20260810_r12,False
ws-20260903T041335420016Z-rebuild,0226,226,CuP2,26.442971,7.897607264900844,3.348225622400837,PTE,PTE,Exp.,Exp.,Literature,Exp.,1990,klocGrowthCharacterizationCuP21990,monoclinic,monoclinic,monoclinic,monoclinic,non_cubic,False,non_cubic,existing_non_cubic_classification,True,False,,legacy_master_v11_20260805:0226,legacy_selected_v11_20260805:0226,phase_feature_recomputed_342_20260810_r12,False
ws-20260903T041335420016Z-rebuild,0227,227,CuBSe2,34.481993,8.872998492098095,3.8861714031291856,PTE,PTE,This work,This work,This work,This work,,,tetragonal,tetragonal,tetragonal,tetragonal,non_cubic,False,non_cubic,existing_non_cubic_classification,True,False,,legacy_master_v11_20260805:0227,legacy_selected_v11_20260805:0227,phase_feature_recomputed_342_20260810_r12,False
ws-20260903T041335420016Z-rebuild,0228,228,CuAsS,19.218736,7.036683262430614,2.731220844145464,PTE,PTE,This work,This work,This work,This work,,,orthorhombic,orthorhombic,orthorhombic,orthorhombic,non_cubic,False,non_cubic,existing_non_cubic_classification,True,False,,legacy_master_v11_20260805:0228,legacy_selected_v11_20260805:0228,phase_feature_recomputed_342_20260810_r12,False
ws-20260903T041335420016Z-rebuild,0229,229,Cu3PS4,24.894065,8.350784653763213,2.9810450193781124,PTE,PTE,This work,This work,This work,This work,,,orthorhombic,orthorhombic,orthorhombic,orthorhombic,non_cubic,False,non_cubic,existing_non_cubic_classification,True,False,,legacy_master_v11_20260805:0229,legacy_selected_v11_20260805:0229,phase_feature_recomputed_342_20260810_r12,False
ws-20260903T041335420016Z-rebuild,0230,230,CrP4,77.615595,9.52399901522087,8.149475328163925,PTE,PTE,This work,This work,This work,This work,,,monoclinic,monoclinic,monoclinic,monoclinic,non_cubic,False,non_cubic,existing_non_cubic_classification,True,False,,legacy_master_v11_20260805:0230,legacy_selected_v11_20260805:0230,phase_feature_recomputed_342_20260810_r12,False
ws-20260903T041335420016Z-rebuild,0231,231,Cr2Se3,28.48658,6.027231016551912,4.726312948976152,PTE,PTE,This work,This work,This work,This work,,,trigonal,trigonal,trigonal,trigonal,non_cubic,False,non_cubic,existing_non_cubic_classification,True,False,,legacy_master_v11_20260805:0231,legacy_selected_v11_20260805:0231,phase_feature_recomputed_342_20260810_r12,False
ws-20260903T041335420016Z-rebuild,0232,232,Cr2CuS4,33.309347,8.311687937661747,4.00753099127668,PTE,PTE,This work,This work,This work,This work,,,cubic,cubic,cubic,cubic,cubic,True,cubic,this_work_cubic_structural_model,False,False,,legacy_master_v11_20260805:0232,legacy_selected_v11_20260805:0232,phase_feature_recomputed_342_20260810_r12,False
ws-20260903T041335420016Z-rebuild,0233,233,CoP3,106.44011,10.481900744031389,10.154657308752824,PTE,PTE,This work,This work,This work,This work,,,cubic,cubic,cubic,cubic,cubic,True,cubic,this_work_cubic_structural_model,False,False,,legacy_master_v11_20260805:0233,legacy_selected_v11_20260805:0233,phase_feature_recomputed_342_20260810_r12,False
ws-20260903T041335420016Z-rebuild,0234,234,Cd(SbO3)2,45.608108,12.004659924207505,3.7992003345326624,PTE,PTE,This work,This work,This work,This work,,,trigonal,trigonal,trigonal,trigonal,non_cubic,False,non_cubic,existing_non_cubic_classification,True,False,,legacy_master_v11_20260805:0234,legacy_selected_v11_20260805:0234,phase_feature_recomputed_342_20260810_r12,False
ws-20260903T041335420016Z-rebuild,0235,235,Li2O,58.999296,13.690552903557451,4.309489647030194,PTE,PTE,Exp.,Exp.,Literature,Exp.,1982,kurasawaThermalExpansionLithium1982,cubic,cubic,cubic,cubic,cubic,True,cubic,calculated_structure_fallback_cubic,True,True,Li2O (1982),legacy_master_v11_20260805:0235,legacy_selected_v11_20260805:0235,phase_feature_recomputed_342_20260810_r12,False
ws-20260903T041335420016Z-rebuild,0236,236,BeTe,36.011853,5.503547402397023,6.5433892664057645,PTE,PTE,This work,This work,This work,This work,,,cubic,cubic,cubic,cubic,cubic,True,cubic,this_work_cubic_structural_model,False,False,,legacy_master_v11_20260805:0236,legacy_selected_v11_20260805:0236,phase_feature_recomputed_342_20260810_r12,False
ws-20260903T041335420016Z-rebuild,0237,237,BeSiN2,150.762831,27.15858458865951,5.551203543315485,PTE,PTE,This work,This work,This work,This work,,,orthorhombic,orthorhombic,orthorhombic,orthorhombic,non_cubic,False,non_cubic,existing_non_cubic_classification,True,False,,legacy_master_v11_20260805:0237,legacy_selected_v11_20260805:0237,phase_feature_recomputed_342_20260810_r12,False
ws-20260903T041335420016Z-rebuild,0238,238,BeGeP2,43.756575,8.61134209451208,5.081272410242024,PTE,PTE,This work,This work,This work,This work,,,tetragonal,tetragonal,tetragonal,tetragonal,non_cubic,False,non_cubic,existing_non_cubic_classification,True,False,,legacy_master_v11_20260805:0238,legacy_selected_v11_20260805:0238,phase_feature_recomputed_342_20260810_r12,False
ws-20260903T041335420016Z-rebuild,0239,239,Be4TeO7,105.424438,23.990950758045084,4.394341810928321,PTE,PTE,This work,This work,This work,This work,,,cubic,cubic,cubic,cubic,cubic,True,cubic,this_work_cubic_structural_model,False,False,,legacy_master_v11_20260805:0239,legacy_selected_v11_20260805:0239,phase_feature_recomputed_342_20260810_r12,False
ws-20260903T041335420016Z-rebuild,0240,240,Mg2GeO4,94.20214,16.70928458323628,5.637712346733806,PTE,PTE,This work,This work,This work,This work,,,cubic,cubic,cubic,cubic,cubic,True,cubic,this_work_cubic_structural_model,False,False,,legacy_master_v11_20260805:0240,legacy_selected_v11_20260805:0240,phase_feature_recomputed_342_20260810_r12,False
ws-20260903T041335420016Z-rebuild,0241,241,Be3P2,53.064218,9.082538693804477,5.84244337282009,PTE,PTE,This work,This work,This work,This work,,,cubic,cubic,cubic,cubic,cubic,True,cubic,this_work_cubic_structural_model,False,False,,legacy_master_v11_20260805:0241,legacy_selected_v11_20260805:0241,phase_feature_recomputed_342_20260810_r12,False
ws-20260903T041335420016Z-rebuild,0242,242,B6P,150.367248,18.533989212587578,8.113053605204232,PTE,PTE,This work,This work,This work,This work,,,trigonal,trigonal,trigonal,trigonal,non_cubic,False,non_cubic,existing_non_cubic_classification,True,False,,legacy_master_v11_20260805:0242,legacy_selected_v11_20260805:0242,phase_feature_recomputed_342_20260810_r12,False
ws-20260903T041335420016Z-rebuild,0243,243,B6O,197.256741,38.72144559767181,5.094250432939941,PTE,PTE,Exp.,Exp.,Literature,Exp.,2011,kurakevychExperimentalStudyCritical2011,trigonal,trigonal,trigonal,trigonal,non_cubic,False,non_cubic,existing_non_cubic_classification,True,False,,legacy_master_v11_20260805:0243,legacy_selected_v11_20260805:0243,phase_feature_recomputed_342_20260810_r12,False
ws-20260903T041335420016Z-rebuild,0244,244,Au2O3,37.126142,11.735562780137453,3.163558722793962,PTE,PTE,This work,This work,This work,This work,,,orthorhombic,orthorhombic,orthorhombic,orthorhombic,non_cubic,False,non_cubic,existing_non_cubic_classification,True,False,,legacy_master_v11_20260805:0244,legacy_selected_v11_20260805:0244,phase_feature_recomputed_342_20260810_r12,False
ws-20260903T041335420016Z-rebuild,0245,245,MnO,64.811633,8.88482558,7.294643256238239,PTE,PTE,Exp.,Exp.,Literature,Exp.,1934,ellefsonCrystalStructuresExpansion1934,trigonal,trigonal,rhombohedral (trigonally distorted),cubic,cubic,False,non_cubic,non_cubic,True,False,,legacy_figs1_features_342_20260805_v2:0245,legacy_selected_v11_20260805:0245,phase_feature_recomputed_342_20260810_r12,False
ws-20260903T041335420016Z-rebuild,0246,246,AsPdSe,36.18838,6.147378847668241,5.886798405750866,PTE,PTE,This work,This work,This work,This work,,,cubic,cubic,cubic,cubic,cubic,True,cubic,this_work_cubic_structural_model,False,False,,legacy_master_v11_20260805:0246,legacy_selected_v11_20260805:0246,phase_feature_recomputed_342_20260810_r12,False
ws-20260903T041335420016Z-rebuild,0247,247,As3Ir,72.143403,8.05383481078107,8.957646226295452,PTE,PTE,This work,This work,This work,This work,,,cubic,cubic,cubic,cubic,cubic,True,cubic,this_work_cubic_structural_model,False,False,,legacy_master_v11_20260805:0247,legacy_selected_v11_20260805:0247,phase_feature_recomputed_342_20260810_r12,False
ws-20260903T041335420016Z-rebuild,0248,248,As2Ru,100.270502,9.413382280311911,10.651910122646962,PTE,PTE,This work,This work,This work,This work,,,orthorhombic,orthorhombic,orthorhombic,orthorhombic,non_cubic,False,non_cubic,existing_non_cubic_classification,True,False,,legacy_master_v11_20260805:0248,legacy_selected_v11_20260805:0248,phase_feature_recomputed_342_20260810_r12,False
ws-20260903T041335420016Z-rebuild,0249,249,As2Rh,56.927311,8.652466425159133,6.579316024211329,PTE,PTE,This work,This work,This work,This work,,,monoclinic,monoclinic,monoclinic,monoclinic,non_cubic,False,non_cubic,existing_non_cubic_classification,True,False,,legacy_master_v11_20260805:0249,legacy_selected_v11_20260805:0249,phase_feature_recomputed_342_20260810_r12,False
ws-20260903T041335420016Z-rebuild,0250,250,As2Pt,57.405945,8.412939514322948,6.823529980486242,PTE,PTE,This work,This work,This work,This work,,,cubic,cubic,cubic,cubic,cubic,True,cubic,this_work_cubic_structural_model,False,False,,legacy_master_v11_20260805:0250,legacy_selected_v11_20260805:0250,phase_feature_recomputed_342_20260810_r12,False
ws-20260903T041335420016Z-rebuild,0251,251,AlSbO4,117.169531,19.016298224991434,6.161532050754993,PTE,PTE,This work,This work,This work,This work,,,orthorhombic,orthorhombic,orthorhombic,orthorhombic,non_cubic,False,non_cubic,existing_non_cubic_classification,True,False,,legacy_master_v11_20260805:0251,legacy_selected_v11_20260805:0251,phase_feature_recomputed_342_20260810_r12,False
ws-20260903T041335420016Z-rebuild,0252,252,AlCuS2,26.141318,8.834186600053936,2.959108651818651,PTE,PTE,This work,This work,This work,This work,,,tetragonal,tetragonal,tetragonal,tetragonal,non_cubic,False,non_cubic,existing_non_cubic_classification,True,False,,legacy_master_v11_20260805:0252,legacy_selected_v11_20260805:0252,phase_feature_recomputed_342_20260810_r12,False
ws-20260903T041335420016Z-rebuild,0253,253,Ag3Ge5P6,23.168779,7.260734352371352,3.1909691052714373,PTE,PTE,This work,This work,This work,This work,,,cubic,cubic,cubic,cubic,cubic,True,cubic,this_work_cubic_structural_model,False,False,,legacy_master_v11_20260805:0253,legacy_selected_v11_20260805:0253,phase_feature_recomputed_342_20260810_r12,False
ws-20260903T041335420016Z-rebuild,0254,254,LiAlO2,90.301638,17.726809220571315,5.094071746155436,PTE,PTE,Exp.,Exp.,Literature,Exp.,2021,huCouplingBehaviorLattice2021,trigonal,trigonal,trigonal,trigonal,non_cubic,False,non_cubic,existing_non_cubic_classification,True,False,,legacy_master_v11_20260805:0254,legacy_selected_v11_20260805:0254,phase_feature_recomputed_342_20260810_r12,False
ws-20260903T041335420016Z-rebuild,0255,255,ScBO3 (undoped),73.989394,28.86226049170823,2.563534274152097,PTE,PTE,Exp.,Exp.,Literature,Exp.,1974,raoThermalExpansionCrystal1974,trigonal,trigonal,trigonal,trigonal,non_cubic,False,non_cubic,existing_non_cubic_classification,True,False,,legacy_master_v11_20260805:0255,legacy_selected_v11_20260805:0255,phase_feature_recomputed_342_20260810_r12,False
ws-20260903T041335420016Z-rebuild,0256,256,NaMgF3,40.538248,10.8041473,3.752100640094013,PTE,PTE,DFT,DFT,Literature,DFT,2015,ararStructuralMechanicalElectronic2015,orthorhombic,orthorhombic,orthorhombic,orthorhombic,non_cubic,False,non_cubic,existing_non_cubic_classification,True,False,,legacy_figs1_features_342_20260805_v2:0256,legacy_selected_v11_20260805:0256,phase_feature_recomputed_342_20260810_r12,False
ws-20260903T041335420016Z-rebuild,0257,257,ScAlO3,110.8875,19.277054092638565,5.7523052779286035,PTE,PTE,DFT,DFT,Literature,DFT,2001,magyari-kopeInitioStudyStructural2001,orthorhombic,orthorhombic,orthorhombic,orthorhombic,non_cubic,False,non_cubic,existing_non_cubic_classification,True,False,,legacy_master_v11_20260805:0257,legacy_selected_v11_20260805:0257,phase_feature_recomputed_342_20260810_r12,False
ws-20260903T041335420016Z-rebuild,0258,258,GaP,36.056598,7.0095101029119835,5.143954066778631,PTE,PTE,This work,This work,This work,This work,,,cubic,cubic,cubic,cubic,cubic,True,cubic,this_work_cubic_structural_model,False,False,,legacy_master_v11_20260805:0258,legacy_selected_v11_20260805:0258,phase_feature_recomputed_342_20260810_r12,False
ws-20260903T041335420016Z-rebuild,0259,259,SrO,54.57016,7.5917951413481966,7.18804432732745,PTE,PTE,Exp.,Exp.,Literature,Exp.,1957,bealsDirectionalDilatationCrystal1957,cubic,cubic,cubic,cubic,cubic,True,cubic,experimentally_defensible_cubic,True,True,SrO (1957),legacy_master_v11_20260805:0259,legacy_selected_v11_20260805:0259,phase_feature_recomputed_342_20260810_r12,False
ws-20260903T041335420016Z-rebuild,0260,260,SrZrO3,76.674368,12.386735154840549,6.1900385405460785,PTE,PTE,Exp.,Exp.,Literature,Exp.,1991,zhaoThermalExpansionSrZrO31991,orthorhombic,orthorhombic,orthorhombic,orthorhombic,non_cubic,False,non_cubic,existing_non_cubic_classification,True,False,,legacy_master_v11_20260805:0260,legacy_selected_v11_20260805:0260,phase_feature_recomputed_342_20260810_r12,False
ws-20260903T041335420016Z-rebuild,0261,261,ZrO2,81.913215,20.93389879791509,3.912945972976526,PTE,PTE,Exp.,Exp.,Literature,Exp.,1969,patilAxialThermalExpansion1969,monoclinic,monoclinic,monoclinic,monoclinic,non_cubic,False,non_cubic,existing_non_cubic_classification,True,False,,legacy_master_v11_20260805:0261,legacy_selected_v11_20260805:0261,phase_feature_recomputed_342_20260810_r12,False
ws-20260903T041335420016Z-rebuild,0262,262,ZrSiO4,96.228754,23.880071695898952,4.029667717309486,PTE,PTE,Exp.,Exp.,Literature,Exp.,1858,pfaffUntersuchungenUeberAusdehnung1858,tetragonal,tetragonal,tetragonal,tetragonal,non_cubic,False,non_cubic,existing_non_cubic_classification,True,False,,legacy_master_v11_20260805:0262,legacy_selected_v11_20260805:0262,phase_feature_recomputed_342_20260810_r12,False
ws-20260903T041335420016Z-rebuild,0263,263,Al2O3,141.292445,22.63381802034006,6.242536936235258,PTE,PTE,Exp.,Exp.,Literature,Exp.,1858,pfaffUntersuchungenUeberAusdehnung1858,trigonal,trigonal,trigonal,trigonal,non_cubic,False,non_cubic,existing_non_cubic_classification,True,False,,legacy_master_v11_20260805:0263,legacy_selected_v11_20260805:0263,phase_feature_recomputed_342_20260810_r12,False
ws-20260903T041335420016Z-rebuild,0264,264,C (diamond),467.26337,51.86653502000767,9.008956735200295,PTE,PTE,Exp.,Exp.,Literature,Exp.,1894,jolyThermalExpansionDiamond1894,cubic,cubic,cubic,cubic,cubic,True,cubic,experimentally_defensible_cubic,True,True,C (diamond) (1894),legacy_master_v11_20260805:0264,legacy_selected_v11_20260805:0264,phase_feature_recomputed_342_20260810_r12,False
ws-20260903T041335420016Z-rebuild,0265,265,SiO2,132.641064,37.22728849745162,3.5630063148187627,PTE,PTE,This work,This work,This work,This work,,,cubic,cubic,cubic,cubic,cubic,True,cubic,this_work_cubic_structural_model,False,False,,legacy_master_v11_20260805:0265,legacy_selected_v11_20260805:0265,phase_feature_recomputed_342_20260810_r12,False
ws-20260903T041335420016Z-rebuild,0266,266,Cu3N,40.366015,14.844845532276068,2.7191940065819553,PTE,PTE,Exp.,Exp.,Literature,Exp.,2009,wosylusHighPressurePhaseTransition2009,cubic,cubic,cubic,cubic,cubic,True,cubic,experimentally_defensible_cubic,True,True,Cu3N (2009),legacy_master_v11_20260805:0266,legacy_selected_v11_20260805:0266,phase_feature_recomputed_342_20260810_r12,False
ws-20260903T041335420016Z-rebuild,0267,267,ZnS,26.800855,5.9456657029885855,4.507628975259838,PTE,PTE,This work,This work,This work,This work,,,cubic,cubic,cubic,cubic,cubic,True,cubic,this_work_cubic_structural_model,False,False,,legacy_master_v11_20260805:0267,legacy_selected_v11_20260805:0267,phase_feature_recomputed_342_20260810_r12,False
ws-20260903T041335420016Z-rebuild,0268,268,BaZrN2,35.413218,9.97215052977599,3.5512117365516254,PTE,PTE,This work,This work,This work,This work,,,tetragonal,tetragonal,tetragonal,tetragonal,non_cubic,False,non_cubic,existing_non_cubic_classification,True,False,,legacy_master_v11_20260805:0268,legacy_selected_v11_20260805:0268,phase_feature_recomputed_342_20260810_r12,False
ws-20260903T041335420016Z-rebuild,0269,269,BaZrO3,83.77608071779022,14.29937391,5.858723692734756,PTE,PTE,Exp.,Exp.,Literature,Exp.,1991,zhaoThermalExpansionSrZrO31991,tetragonal,tetragonal,tetragonal,cubic,cubic,False,non_cubic,existing_non_cubic_classification,True,False,,phaseaudit_mattersim_agv_20260806_0269,legacy_selected_v11_20260805:0269,phase_feature_recomputed_342_20260810_r12,False
ws-20260903T041335420016Z-rebuild,0270,270,InN,44.908987,9.249244333280672,4.855422279029681,PTE,PTE,This work,This work,This work,This work,,,hexagonal,hexagonal,hexagonal,hexagonal,non_cubic,False,non_cubic,existing_non_cubic_classification,True,False,,legacy_master_v11_20260805:0270,legacy_selected_v11_20260805:0270,phase_feature_recomputed_342_20260810_r12,False
ws-20260903T041335420016Z-rebuild,0271,271,Al2SiO5 (andalusite),85.671323,24.004983648190194,3.5688973696284525,PTE,PTE,Exp.,Exp.,Literature,Exp. (time-of-flight neutron diffraction),2019,fortesThermalExpansionAl2SiO5_2019,orthorhombic,orthorhombic,orthorhombic,orthorhombic,non_cubic,False,non_cubic,existing_non_cubic_classification,False,False,,legacy_master_v11_20260805:0271,legacy_selected_v11_20260805:0271,phase_feature_recomputed_342_20260810_r12,False
ws-20260903T041335420016Z-rebuild,0272,272,Al2TiO5 (equivalent to TiAl2O5),90.257784,21.428595707078305,4.2120251477881965,PTE,PTE,Exp.,Exp.,Literature,Exp.,1972,morosinStructureStudiesAl21972,orthorhombic,orthorhombic,orthorhombic,orthorhombic,non_cubic,False,non_cubic,existing_non_cubic_classification,True,False,,legacy_master_v11_20260805:0272,legacy_selected_v11_20260805:0272,phase_feature_recomputed_342_20260810_r12,False
ws-20260903T041335420016Z-rebuild,0273,273,BaCeO3,48.145669,9.579660257541864,5.025822180081588,PTE,PTE,Exp.,Exp.,Literature,Exp.,1994,knightStructuralPhaseTransitions1994,orthorhombic,orthorhombic,orthorhombic,orthorhombic,non_cubic,False,non_cubic,existing_non_cubic_classification,True,False,,legacy_master_v11_20260805:0273,legacy_selected_v11_20260805:0273,phase_feature_recomputed_342_20260810_r12,False
ws-20260903T041335420016Z-rebuild,0274,274,BaMoO3,31.586157,7.941841563339065,3.977182967966428,PTE,PTE,DFT,DFT,Literature,MD,2021,wangMolecularDynamicsSimulation2021,cubic,cubic,cubic,cubic,cubic,True,cubic,confirmed_cubic,True,True,BaMoO3 (2021),legacy_master_v11_20260805:0274,legacy_selected_v11_20260805:0274,phase_feature_recomputed_342_20260810_r12,False
ws-20260903T041335420016Z-rebuild,0275,275,BaScO3,61.753947,12.229356013463809,5.049648316069342,PTE,PTE,DFT,DFT,Literature,DFT,2019,gencerFirstPrinciplesStudy2019,orthorhombic,orthorhombic,orthorhombic,cubic,cubic,False,non_cubic,literature_ground_state_non_cubic,False,False,,legacy_master_v11_20260805:0275,legacy_selected_v11_20260805:0275,phase_feature_recomputed_342_20260810_r12,False
ws-20260903T041335420016Z-rebuild,0276,276,BeO,151.00512,33.371603453544125,4.524958478851965,PTE,PTE,Exp.,Exp.,Literature,Exp.,1959,engbergThermalExpansionAl21959,hexagonal,hexagonal,hexagonal,hexagonal,non_cubic,False,non_cubic,existing_non_cubic_classification,True,False,,legacy_master_v11_20260805:0276,legacy_selected_v11_20260805:0276,phase_feature_recomputed_342_20260810_r12,False
ws-20260903T041335420016Z-rebuild,0277,277,MgBiO3,31.057661,9.68135624354078,3.207986589763298,PTE,PTE,This work,This work,This work,This work,,,cubic,cubic,cubic,cubic,cubic,True,cubic,this_work_cubic_structural_model,False,False,,legacy_master_v11_20260805:0277,legacy_selected_v11_20260805:0277,phase_feature_recomputed_342_20260810_r12,False
ws-20260903T041335420016Z-rebuild,0278,278,ScBiO3,52.697994,11.86300120081901,4.442214335809203,PTE,PTE,This work,This work,This work,This work,,,cubic,cubic,cubic,cubic,cubic,True,cubic,this_work_cubic_structural_model,False,False,,legacy_master_v11_20260805:0278,legacy_selected_v11_20260805:0278,phase_feature_recomputed_342_20260810_r12,False
ws-20260903T041335420016Z-rebuild,0279,279,Ca2SiO4,48.939785,14.62519344581768,3.3462658241963394,PTE,PTE,Exp.,Exp.,Literature,Exp.,2011,kerstanBinaryTernaryQuaternary2011,orthorhombic,orthorhombic,orthorhombic,orthorhombic,non_cubic,False,non_cubic,existing_non_cubic_classification,True,False,,legacy_master_v11_20260805:0279,legacy_selected_v11_20260805:0279,phase_feature_recomputed_342_20260810_r12,False
ws-20260903T041335420016Z-rebuild,0280,280,Ca3Si2O7,40.336559,14.936974435891534,2.7004504274357393,PTE,PTE,Exp.,Exp.,Literature,Exp.,2011,kerstanBinaryTernaryQuaternary2011,monoclinic,monoclinic,monoclinic,monoclinic,non_cubic,False,non_cubic,existing_non_cubic_classification,True,False,,legacy_master_v11_20260805:0280,legacy_selected_v11_20260805:0280,phase_feature_recomputed_342_20260810_r12,False
ws-20260903T041335420016Z-rebuild,0281,281,CaMoO4,32.070168,14.828775569548231,2.162698319196225,PTE,PTE,Exp.,Exp.,Literature,Exp.,2006,acharyHighTemperatureCrystal2006,tetragonal,tetragonal,tetragonal,tetragonal,non_cubic,False,non_cubic,existing_non_cubic_classification,True,False,,legacy_master_v11_20260805:0281,legacy_selected_v11_20260805:0281,phase_feature_recomputed_342_20260810_r12,False
ws-20260903T041335420016Z-rebuild,0282,282,CaSiO3,35.770855,17.19937622879851,2.0797762967767133,PTE,PTE,Exp.,Exp.,Literature,Exp.,2011,kerstanBinaryTernaryQuaternary2011,triclinic,triclinic,triclinic,triclinic,non_cubic,False,non_cubic,existing_non_cubic_classification,True,False,,legacy_master_v11_20260805:0282,legacy_selected_v11_20260805:0282,phase_feature_recomputed_342_20260810_r12,False
ws-20260903T041335420016Z-rebuild,0283,283,CaSnO3,74.572285,11.091872128568541,6.723146835413789,PTE,PTE,DFT,DFT,Literature,DFT,2016,maulThermalPropertiesOrthorhombic2016,orthorhombic,orthorhombic,orthorhombic,orthorhombic,non_cubic,False,non_cubic,existing_non_cubic_classification,False,False,,legacy_master_v11_20260805:0283,legacy_selected_v11_20260805:0283,phase_feature_recomputed_342_20260810_r12,False
ws-20260903T041335420016Z-rebuild,0284,284,CdMoO4,19.081467,12.43780853280999,1.5341502443669675,PTE,PTE,Exp.,Exp.,Literature,Exp.,2008,errandoneaPressureEffectsStructural2008,tetragonal,tetragonal,tetragonal,tetragonal,non_cubic,False,non_cubic,existing_non_cubic_classification,True,False,,legacy_master_v11_20260805:0284,legacy_selected_v11_20260805:0284,phase_feature_recomputed_342_20260810_r12,False
ws-20260903T041335420016Z-rebuild,0285,285,CeF3,37.59347,15.357248099369851,2.447930108099417,PTE,PTE,Exp.,Exp.,Literature,Exp. (low-temperature single-crystal XRD; Gd3+-doped CeF3; directional linear expansion),1983,korczakCrystalGrowthTemperature1983,trigonal,trigonal,trigonal,trigonal,non_cubic,False,non_cubic,existing_non_cubic_classification,True,False,,legacy_master_v11_20260805:0285,legacy_selected_v11_20260805:0285,phase_feature_recomputed_342_20260810_r12,False
ws-20260903T041335420016Z-rebuild,0286,286,Cr2O3,101.512467,14.943502108780182,6.793084128542765,PTE,PTE,DFT,DFT,Literature,DFT,2012,wangFirstprinciplesLatticeDynamics2012,trigonal,trigonal,trigonal,trigonal,non_cubic,False,non_cubic,existing_non_cubic_classification,True,False,,legacy_master_v11_20260805:0286,legacy_selected_v11_20260805:0286,phase_feature_recomputed_342_20260810_r12,False
ws-20260903T041335420016Z-rebuild,0287,287,Dy2SiO5,54.971606,17.986234658500596,3.056315401401677,PTE,PTE,DFT,DFT,Literature,DFT,2020,liTheoreticalInvestigationPhonon2020,monoclinic,monoclinic,monoclinic,monoclinic,non_cubic,False,non_cubic,existing_non_cubic_classification,False,False,,legacy_master_v11_20260805:0287,legacy_selected_v11_20260805:0287,phase_feature_recomputed_342_20260810_r12,False
ws-20260903T041335420016Z-rebuild,0288,288,REAlO3 (material-specific RE in the row),107.74737,17.457434988041932,6.172004654395406,PTE,PTE,Exp.,Exp.,Literature,Exp.,2003,vasylechkoCrystalStructureThermal,orthorhombic,orthorhombic,orthorhombic,orthorhombic,non_cubic,False,non_cubic,existing_non_cubic_classification,True,False,,legacy_master_v11_20260805:0288,legacy_selected_v11_20260805:0288,phase_feature_recomputed_342_20260810_r12,False
ws-20260903T041335420016Z-rebuild,0289,289,"RE2O3 (Er2O3, Eu2O3, Sm2O3 or Tm2O3)",71.513804,15.239739356071984,4.69258707968038,PTE,PTE,Exp.,Exp.,Literature,Exp.,1961,stecuraThermalExpansionPhase1960,cubic,cubic,cubic,cubic,cubic,True,cubic,retain_cubic_in_current_phase_audit,True,True,"RE2O3 (Er2O3, Eu2O3, Sm2O3 or Tm2O3) (1961)",legacy_master_v11_20260805:0289,legacy_selected_v11_20260805:0289,phase_feature_recomputed_342_20260810_r12,False
ws-20260903T041335420016Z-rebuild,0290,290,Er2SiO5,57.427312,18.66577497240711,3.0766101104772003,PTE,PTE,DFT,DFT,Literature,DFT,2020,liTheoreticalInvestigationPhonon2020,monoclinic,monoclinic,monoclinic,monoclinic,non_cubic,False,non_cubic,existing_non_cubic_classification,True,False,,legacy_master_v11_20260805:0290,legacy_selected_v11_20260805:0290,phase_feature_recomputed_342_20260810_r12,False
ws-20260903T041335420016Z-rebuild,0291,291,REAlO3 (material-specific RE in the row),111.712293,17.91596867254783,6.235347641078086,PTE,PTE,Exp.,Exp.,Literature,Exp.,2003,vasylechkoCrystalStructureThermal,orthorhombic,orthorhombic,orthorhombic,orthorhombic,non_cubic,False,non_cubic,existing_non_cubic_classification,True,False,,legacy_master_v11_20260805:0291,legacy_selected_v11_20260805:0291,phase_feature_recomputed_342_20260810_r12,False
ws-20260903T041335420016Z-rebuild,0292,292,Eu2CuO4,55.319568,10.26643107454374,5.388393259383812,PTE,PTE,Exp.,Exp.,Literature,Exp.,1994,divisMagnetoelasticInteractionsRE2CuO41994,tetragonal,tetragonal,tetragonal,tetragonal,non_cubic,False,non_cubic,existing_non_cubic_classification,True,False,,legacy_master_v11_20260805:0292,legacy_selected_v11_20260805:0292,phase_feature_recomputed_342_20260810_r12,False
ws-20260903T041335420016Z-rebuild,0293,293,"RE2O3 (Er2O3, Eu2O3, Sm2O3 or Tm2O3)",40.496422,10.634464844207871,3.8080357209565308,PTE,PTE,Exp.,Exp.,Literature,Exp.,1961,stecuraThermalExpansionPhase1960,cubic,cubic,cubic,cubic,cubic,True,cubic,experimentally_defensible_cubic,True,True,"RE2O3 (Er2O3, Eu2O3, Sm2O3 or Tm2O3) (1961)",legacy_master_v11_20260805:0293,legacy_selected_v11_20260805:0293,phase_feature_recomputed_342_20260810_r12,False
ws-20260903T041335420016Z-rebuild,0294,294,REAlO3 (material-specific RE in the row),95.142774,17.277447834462617,5.506760889199307,PTE,PTE,Exp.,Exp.,Literature,Exp.,2003,vasylechkoCrystalStructureThermal,orthorhombic,orthorhombic,orthorhombic,orthorhombic,non_cubic,False,non_cubic,existing_non_cubic_classification,True,False,,legacy_master_v11_20260805:0294,legacy_selected_v11_20260805:0294,phase_feature_recomputed_342_20260810_r12,False
ws-20260903T041335420016Z-rebuild,0295,295,Fe2O3,77.637687,11.781176662674197,6.5899773191566,PTE,PTE,Exp.,Exp.,Literature,Exp.,2009,takedaPhysicalPropertiesIronoxide2009,trigonal,trigonal,trigonal,trigonal,non_cubic,False,non_cubic,existing_non_cubic_classification,True,False,,legacy_master_v11_20260805:0295,legacy_selected_v11_20260805:0295,phase_feature_recomputed_342_20260810_r12,False
ws-20260903T041335420016Z-rebuild,0296,296,Fe2SiO4,31.725387,15.001336002930774,2.1148374380656425,PTE,PTE,Exp.,Exp.,Literature,Exp.,2009,takedaPhysicalPropertiesIronoxide2009,orthorhombic,orthorhombic,orthorhombic,orthorhombic,non_cubic,False,non_cubic,existing_non_cubic_classification,True,False,,legacy_master_v11_20260805:0296,legacy_selected_v11_20260805:0296,phase_feature_recomputed_342_20260810_r12,False
ws-20260903T041335420016Z-rebuild,0297,297,FeO,38.525033,9.395960215493085,4.10016987263055,PTE,PTE,Exp.,Exp.,Literature,Exp.,2009,takedaPhysicalPropertiesIronoxide2009,trigonal,trigonal,rhombohedral,cubic,cubic,False,non_cubic,non_cubic,True,False,,legacy_master_v11_20260805:0297,legacy_selected_v11_20260805:0297,phase_feature_recomputed_342_20260810_r12,False
ws-20260903T041335420016Z-rebuild,0298,298,GaFeO3,61.426397,13.659294922657642,4.497040099639966,PTE,PTE,Exp.,Exp.,Literature,mixed Exp./DFT,2014,guptaSpinphononCouplingHighpressure2014,orthorhombic,orthorhombic,orthorhombic,orthorhombic,non_cubic,False,non_cubic,existing_non_cubic_classification,False,False,,legacy_master_v11_20260805:0298,legacy_selected_v11_20260805:0298,phase_feature_recomputed_342_20260810_r12,False
ws-20260903T041335420016Z-rebuild,0299,299,Gd2O3,55.310532,14.197069878299166,3.895911795471581,PTE,PTE,Exp.,Exp.,Literature,Exp. (bulk rare-earth oxide),1961,stecuraThermalExpansionPhase1960,cubic,cubic,cubic,cubic,cubic,True,cubic,calculated_structure_fallback_cubic,True,True,Gd2O3 (1961),legacy_master_v11_20260805:0299,legacy_selected_v11_20260805:0299,phase_feature_recomputed_342_20260810_r12,False
ws-20260903T041335420016Z-rebuild,0300,300,Gd3Ga5O12,73.620038,14.585483413008742,5.047487005767566,PTE,PTE,Exp.,Exp.,Literature,Exp.,1969,gellerThermalExpansionYttrium1969,cubic,cubic,cubic,cubic,cubic,True,cubic,experimentally_defensible_cubic,True,True,Gd3Ga5O12 (1969),legacy_master_v11_20260805:0300,legacy_selected_v11_20260805:0300,phase_feature_recomputed_342_20260810_r12,False
ws-20260903T041335420016Z-rebuild,0301,301,Ho2O3 (0301) / Lu2O3 (0311),64.702764,14.739297707502569,4.389813224755283,PTE,PTE,Exp.,Exp.,Literature,Exp.,1970,guptaThermalExpansionCeO21970,cubic,cubic,cubic,cubic,cubic,True,cubic,experimentally_defensible_cubic,True,True,Ho2O3 (0301) / Lu2O3 (0311) (1970),legacy_master_v11_20260805:0301,legacy_selected_v11_20260805:0301,phase_feature_recomputed_342_20260810_r12,False
ws-20260903T041335420016Z-rebuild,0302,302,In2O3,57.076784,10.494194246870956,5.43889151061012,PTE,PTE,Exp.,Exp.,Literature,Exp.,1970,kundraThermalExpansionIn21970,cubic,cubic,cubic,cubic,cubic,True,cubic,experimentally_defensible_cubic,True,True,In2O3 (1970),legacy_master_v11_20260805:0302,legacy_selected_v11_20260805:0302,phase_feature_recomputed_342_20260810_r12,False
ws-20260903T041335420016Z-rebuild,0303,303,LaAlO3,102.197628,19.76189828817593,5.1714479302399585,PTE,PTE,Exp.,Exp.,Literature,Exp.,1998,chakoumakosThermalExpansionLaAlO31998,trigonal,trigonal,trigonal,trigonal,non_cubic,False,non_cubic,existing_non_cubic_classification,True,False,,legacy_master_v11_20260805:0303,legacy_selected_v11_20260805:0303,phase_feature_recomputed_342_20260810_r12,False
ws-20260903T041335420016Z-rebuild,0304,304,LaFeO3,71.319399,12.038780341508934,5.924138241321286,PTE,PTE,Exp.,Exp.,Literature,Exp.,2012,selbachNonlinearThermalEvolution2012,orthorhombic,orthorhombic,orthorhombic,orthorhombic,non_cubic,False,non_cubic,existing_non_cubic_classification,True,False,,legacy_master_v11_20260805:0304,legacy_selected_v11_20260805:0304,phase_feature_recomputed_342_20260810_r12,False
ws-20260903T041335420016Z-rebuild,0305,305,LaNiO3,63.943342,11.64807533237774,5.489605808288256,PTE,PTE,DFT,DFT,Literature,MD (DFT-based AIMD),2010,tsuruEvaluationLinearThermal2010,trigonal,trigonal,trigonal,trigonal,non_cubic,False,non_cubic,existing_non_cubic_classification,True,False,,legacy_master_v11_20260805:0305,legacy_selected_v11_20260805:0305,phase_feature_recomputed_342_20260810_r12,False
ws-20260903T041335420016Z-rebuild,0306,306,LiLuF4 (0306) / LiYF4 (0310) / Lu3Al5O12 (0312),33.242279,19.323655330534493,1.7202893775212311,PTE,PTE,Exp.,Exp.,Literature,Exp.,2005,aggarwalMeasurementThermoopticProperties2005,tetragonal,tetragonal,tetragonal,tetragonal,non_cubic,False,non_cubic,existing_non_cubic_classification,True,False,,legacy_master_v11_20260805:0306,legacy_selected_v11_20260805:0306,phase_feature_recomputed_342_20260810_r12,False
ws-20260903T041335420016Z-rebuild,0307,307,LiMnO2 (0307) / LiNiO2 (0308),53.568873,10.494003007416802,5.1047129453021265,PTE,PTE,DFT,DFT,Literature,DFT,2016,duInsightVibrationalThermodynamic2016,monoclinic,monoclinic,monoclinic,monoclinic,non_cubic,False,non_cubic,existing_non_cubic_classification,True,False,,legacy_master_v11_20260805:0307,legacy_selected_v11_20260805:0307,phase_feature_recomputed_342_20260810_r12,False
ws-20260903T041335420016Z-rebuild,0308,308,LiMnO2 (0307) / LiNiO2 (0308),58.160868,10.750476985224655,5.410073253487794,PTE,PTE,DFT,DFT,Literature,DFT,2016,duInsightVibrationalThermodynamic2016,monoclinic,monoclinic,monoclinic,monoclinic,non_cubic,False,non_cubic,existing_non_cubic_classification,True,False,,legacy_master_v11_20260805:0308,legacy_selected_v11_20260805:0308,phase_feature_recomputed_342_20260810_r12,False
ws-20260903T041335420016Z-rebuild,0309,309,LiTaO3,76.075807,19.749925168966485,3.851954189656358,PTE,PTE,Exp.,Exp.,Literature,Exp. (bulk single crystal),1969,kimThermalExpansionLithium1969,trigonal,trigonal,trigonal,trigonal,non_cubic,False,non_cubic,existing_non_cubic_classification,True,False,,legacy_master_v11_20260805:0309,legacy_selected_v11_20260805:0309,phase_feature_recomputed_342_20260810_r12,False
ws-20260903T041335420016Z-rebuild,0310,310,LiLuF4 (0306) / LiYF4 (0310) / Lu3Al5O12 (0312),30.388288,17.01397477716229,1.7860781150792544,PTE,PTE,Exp.,Exp.,Literature,Exp.,2005,aggarwalMeasurementThermoopticProperties2005,tetragonal,tetragonal,tetragonal,tetragonal,non_cubic,False,non_cubic,existing_non_cubic_classification,True,False,,legacy_master_v11_20260805:0310,legacy_selected_v11_20260805:0310,phase_feature_recomputed_342_20260810_r12,False
ws-20260903T041335420016Z-rebuild,0311,311,Ho2O3 (0301) / Lu2O3 (0311),71.919372,17.381907244320082,4.1375995734588455,PTE,PTE,Exp.,Exp.,Literature,Exp.,1970,guptaThermalExpansionCeO21970,cubic,cubic,cubic,cubic,cubic,True,cubic,experimentally_defensible_cubic,True,True,Ho2O3 (0301) / Lu2O3 (0311) (1970),legacy_master_v11_20260805:0311,legacy_selected_v11_20260805:0311,phase_feature_recomputed_342_20260810_r12,False
ws-20260903T041335420016Z-rebuild,0312,312,LiLuF4 (0306) / LiYF4 (0310) / Lu3Al5O12 (0312),105.938137,19.903135147043788,5.322685909397293,PTE,PTE,Exp.,Exp.,Literature,Exp.,2005,aggarwalMeasurementThermoopticProperties2005,cubic,cubic,cubic,cubic,cubic,True,cubic,experimentally_defensible_cubic,True,True,LiLuF4 (0306) / LiYF4 (0310) / Lu3Al5O12 (0312) (2005),legacy_master_v11_20260805:0312,legacy_selected_v11_20260805:0312,phase_feature_recomputed_342_20260810_r12,False
ws-20260903T041335420016Z-rebuild,0313,313,REAlO3 (material-specific RE in the row),114.744378,18.39085043448007,6.23921000329988,PTE,PTE,Exp.,Exp.,Literature,Exp.,2003,vasylechkoCrystalStructureThermal,orthorhombic,orthorhombic,orthorhombic,orthorhombic,non_cubic,False,non_cubic,existing_non_cubic_classification,True,False,,legacy_master_v11_20260805:0313,legacy_selected_v11_20260805:0313,phase_feature_recomputed_342_20260810_r12,False
ws-20260903T041335420016Z-rebuild,0314,314,Mg2SiO4 (forsterite),71.851448,18.293974904558688,3.9276017582212432,PTE,PTE,Exp.,Exp.,Literature,Exp.,1976,hlzenlEffectsofTemperatureandpressureonthecrystalstructureofForsterite,orthorhombic,orthorhombic,orthorhombic,orthorhombic,non_cubic,False,non_cubic,existing_non_cubic_classification,True,False,,legacy_master_v11_20260805:0314,legacy_selected_v11_20260805:0314,phase_feature_recomputed_342_20260810_r12,False
ws-20260903T041335420016Z-rebuild,0315,315,MgAl2O4,115.668884,20.98653658325176,5.511575649519473,PTE,PTE,Exp.,Exp.,Literature,Exp.,1980,suzukiAnomalousThermalExpansion1980,cubic,cubic,cubic,cubic,cubic,True,cubic,experimentally_defensible_cubic,True,True,MgAl2O4 (1980),legacy_master_v11_20260805:0315,legacy_selected_v11_20260805:0315,phase_feature_recomputed_342_20260810_r12,False
ws-20260903T041335420016Z-rebuild,0316,316,MgCO3 (magnesite),64.895225,25.924892680110553,2.5032012977159703,PTE,PTE,Exp.,Exp.,Literature,Exp.,1985,mmxcrafrHighttemperaturestructurerefinementsofCalciteandMagnesite,trigonal,trigonal,trigonal,trigonal,non_cubic,False,non_cubic,existing_non_cubic_classification,True,False,,legacy_master_v11_20260805:0316,legacy_selected_v11_20260805:0316,phase_feature_recomputed_342_20260810_r12,False
ws-20260903T041335420016Z-rebuild,0317,317,MgSiO3 perovskite,154.645227,18.3296744190752,8.436878007994778,PTE,PTE,Exp.,Exp.,Literature,Exp. (high pressure),1991,wangPhaseTransitionThermal1991,orthorhombic,orthorhombic,orthorhombic,orthorhombic,non_cubic,False,non_cubic,existing_non_cubic_classification,True,False,,legacy_master_v11_20260805:0317,legacy_selected_v11_20260805:0317,phase_feature_recomputed_342_20260810_r12,False
ws-20260903T041335420016Z-rebuild,0318,318,MoO2,80.808623,15.62669509,5.171190871428208,PTE,PTE,Exp.,Exp.,Literature,Exp.,2017,alvesEvidencePhaseTransitions2017,tetragonal,tetragonal,tetragonal,tetragonal,non_cubic,False,non_cubic,existing_non_cubic_classification,True,False,,legacy_figs1_features_342_20260805_v2:0318,legacy_selected_v11_20260805:0318,phase_feature_recomputed_342_20260810_r12,False
ws-20260903T041335420016Z-rebuild,0319,319,NaZnF3,29.140925,8.67751813,3.358209635915794,PTE,PTE,DFT,DFT,Literature,DFT,2015,ararStructuralMechanicalElectronic2015,orthorhombic,orthorhombic,orthorhombic,orthorhombic,non_cubic,False,non_cubic,existing_non_cubic_classification,True,False,,legacy_figs1_features_342_20260805_v2:0319,legacy_selected_v11_20260805:0319,phase_feature_recomputed_342_20260810_r12,False
ws-20260903T041335420016Z-rebuild,0320,320,Nd2O3,40.700724,11.595118393882816,3.510160277576148,PTE,PTE,Exp.,Exp.,Literature,Exp.,1961,stecuraThermalExpansionPhase1960,trigonal,trigonal,trigonal,trigonal,non_cubic,False,non_cubic,existing_non_cubic_classification,True,False,,legacy_master_v11_20260805:0320,legacy_selected_v11_20260805:0320,phase_feature_recomputed_342_20260810_r12,False
ws-20260903T041335420016Z-rebuild,0321,321,NdF3,47.475812,15.48523466080215,3.0658761743001386,PTE,PTE,Exp.,Exp.,Literature,Exp.,1983,korczakCrystalGrowthTemperature1983,trigonal,trigonal,trigonal,trigonal,non_cubic,False,non_cubic,existing_non_cubic_classification,True,False,,legacy_master_v11_20260805:0321,legacy_selected_v11_20260805:0321,phase_feature_recomputed_342_20260810_r12,False
ws-20260903T041335420016Z-rebuild,0322,322,Si(NiO2)2,71.639202,15.521100387159894,4.615600712128941,PTE,PTE,This work,This work,This work,This work,,,orthorhombic,orthorhombic,orthorhombic,orthorhombic,non_cubic,False,non_cubic,existing_non_cubic_classification,True,False,,legacy_master_v11_20260805:0322,legacy_selected_v11_20260805:0322,phase_feature_recomputed_342_20260810_r12,False
ws-20260903T041335420016Z-rebuild,0323,323,NiO,89.361597,9.220402047327076,9.691724562694667,PTE,PTE,Exp.,Exp.,Literature,Exp.,1965,nielsenThermalExpansionNickel1965,trigonal,trigonal,rhombohedral (trigonally distorted),cubic,cubic,False,non_cubic,non_cubic,True,False,,legacy_master_v11_20260805:0323,legacy_selected_v11_20260805:0323,phase_feature_recomputed_342_20260810_r12,False
ws-20260903T041335420016Z-rebuild,0324,324,PbO2 (previous PbO citation removed),43.861145,9.144614608982694,4.796390758437812,PTE,PTE,Exp.,Exp.,Literature,Exp.,1974,raoThermalExpansionCrystal1974,tetragonal,tetragonal,tetragonal,tetragonal,non_cubic,False,non_cubic,existing_non_cubic_classification,True,False,,legacy_master_v11_20260805:0324,legacy_selected_v11_20260805:0324,phase_feature_recomputed_342_20260810_r12,False
ws-20260903T041335420016Z-rebuild,0325,325,PrF3,45.338155,15.28001780726248,2.9671532829268763,PTE,PTE,Exp.,Exp.,Literature,Exp.,1983,korczakCrystalGrowthTemperature1983,trigonal,trigonal,trigonal,trigonal,non_cubic,False,non_cubic,existing_non_cubic_classification,True,False,,legacy_master_v11_20260805:0325,legacy_selected_v11_20260805:0325,phase_feature_recomputed_342_20260810_r12,False
ws-20260903T041335420016Z-rebuild,0326,326,RbSbO3,100.785153,5.973331532334132,16.87251954030037,PTE,PTE,DFT,DFT,Literature,DFT,2019,darPhononStabilityElectronic2019,cubic,cubic,cubic,cubic,cubic,True,cubic,supported_cubic_computational_model,True,True,RbSbO3 (2019),legacy_master_v11_20260805:0326,legacy_selected_v11_20260805:0326,phase_feature_recomputed_342_20260810_r12,False
ws-20260903T041335420016Z-rebuild,0327,327,Sc2O3,80.736994,18.586259223052096,4.34390767023543,PTE,PTE,DFT,DFT,Literature,DFT,2022,satoComparativeStudyLinear2022,cubic,cubic,cubic,cubic,cubic,True,cubic,supported_cubic_computational_model,True,True,Sc2O3 (2022),legacy_master_v11_20260805:0327,legacy_selected_v11_20260805:0327,phase_feature_recomputed_342_20260810_r12,False
ws-20260903T041335420016Z-rebuild,0328,328,Sm2O3,52.031967,11.91883935690598,4.365522970980542,PTE,PTE,Exp.,Exp.,Literature,Exp.,1961,stecuraThermalExpansionPhase1960,cubic,cubic,cubic,cubic,cubic,True,cubic,experimentally_defensible_cubic,True,True,Sm2O3 (1961),legacy_master_v11_20260805:0328,legacy_selected_v11_20260805:0328,phase_feature_recomputed_342_20260810_r12,False
ws-20260903T041335420016Z-rebuild,0329,329,AlSnO3,48.633854,19.296484306757105,2.5203479155511115,PTE,PTE,This work,This work,This work,This work,,,cubic,cubic,cubic,cubic,cubic,True,cubic,this_work_cubic_structural_model,False,False,,legacy_master_v11_20260805:0329,legacy_selected_v11_20260805:0329,phase_feature_recomputed_342_20260810_r12,False
ws-20260903T041335420016Z-rebuild,0330,330,SnO2,82.431186,14.7017978981177,5.6068779186900555,PTE,PTE,Exp.,Exp.,Literature,Exp.,1974,raoThermalExpansionCrystal1974,tetragonal,tetragonal,tetragonal,tetragonal,non_cubic,False,non_cubic,existing_non_cubic_classification,True,False,,legacy_master_v11_20260805:0330,legacy_selected_v11_20260805:0330,phase_feature_recomputed_342_20260810_r12,False
ws-20260903T041335420016Z-rebuild,0331,331,SrCeO3,49.243914,10.707539233968475,4.598994495745499,PTE,PTE,Exp.,Exp.,Literature,Exp.,2003,yamanakaThermalPropertiesSrCeO32003,orthorhombic,orthorhombic,orthorhombic,orthorhombic,non_cubic,False,non_cubic,existing_non_cubic_classification,True,False,,legacy_master_v11_20260805:0331,legacy_selected_v11_20260805:0331,phase_feature_recomputed_342_20260810_r12,False
ws-20260903T041335420016Z-rebuild,0332,332,SrHfO3,86.072488,13.908419414077139,6.188516857126367,PTE,PTE,Exp.,Exp.,Literature,Exp.,2004,yamanakaThermalMechanicalProperties2004,orthorhombic,orthorhombic,orthorhombic,orthorhombic,non_cubic,False,non_cubic,existing_non_cubic_classification,True,False,,legacy_master_v11_20260805:0332,legacy_selected_v11_20260805:0332,phase_feature_recomputed_342_20260810_r12,False
ws-20260903T041335420016Z-rebuild,0333,333,REAlO3 (material-specific RE in the row),106.593845,17.88703261753029,5.959280517861418,PTE,PTE,Exp.,Exp.,Literature,Exp.,2003,vasylechkoCrystalStructureThermal,orthorhombic,orthorhombic,orthorhombic,orthorhombic,non_cubic,False,non_cubic,existing_non_cubic_classification,True,False,,legacy_master_v11_20260805:0333,legacy_selected_v11_20260805:0333,phase_feature_recomputed_342_20260810_r12,False
ws-20260903T041335420016Z-rebuild,0334,334,TbF3,41.160667,17.06677382857195,2.4117426886557674,PTE,PTE,Exp.,Exp.,Literature,Exp./literature correlation,1977,vanuitertCorrelationThermalExpansion1977,orthorhombic,orthorhombic,orthorhombic,orthorhombic,non_cubic,False,non_cubic,existing_non_cubic_classification,True,False,,legacy_master_v11_20260805:0334,legacy_selected_v11_20260805:0334,phase_feature_recomputed_342_20260810_r12,False
ws-20260903T041335420016Z-rebuild,0335,335,Tm2O3,68.920948,14.788304482022516,4.660503716554127,PTE,PTE,Exp.,Exp.,Literature,Exp.,1961,stecuraThermalExpansionPhase1960,cubic,cubic,cubic,cubic,cubic,True,cubic,experimentally_defensible_cubic,True,True,Tm2O3 (1961),legacy_master_v11_20260805:0335,legacy_selected_v11_20260805:0335,phase_feature_recomputed_342_20260810_r12,False
ws-20260903T041335420016Z-rebuild,0336,336,REAlO3 (material-specific RE in the row),113.544946,17.58362498570735,6.457425365491685,PTE,PTE,Exp.,Exp.,Literature,Exp.,2003,vasylechkoCrystalStructureThermal,orthorhombic,orthorhombic,orthorhombic,orthorhombic,non_cubic,False,non_cubic,existing_non_cubic_classification,True,False,,legacy_master_v11_20260805:0336,legacy_selected_v11_20260805:0336,phase_feature_recomputed_342_20260810_r12,False
ws-20260903T041335420016Z-rebuild,0337,337,UO2,72.541934,15.271768027101626,4.750067829164602,PTE,PTE,Exp.,Exp.,Literature,Exp. review,2000,finkThermophysicalPropertiesUranium,cubic,cubic,cubic,cubic,cubic,True,cubic,experimentally_defensible_cubic,True,True,UO2 (2000),legacy_master_v11_20260805:0337,legacy_selected_v11_20260805:0337,phase_feature_recomputed_342_20260810_r12,False
ws-20260903T041335420016Z-rebuild,0338,338,Y2O3,60.826489,15.344690278146954,3.964008911058027,PTE,PTE,Exp.,Exp.,Literature,Exp. (bulk rare-earth oxide),1961,stecuraThermalExpansionPhase1960,cubic,cubic,cubic,cubic,cubic,True,cubic,experimentally_defensible_cubic,True,True,Y2O3 (1961),legacy_master_v11_20260805:0338,legacy_selected_v11_20260805:0338,phase_feature_recomputed_342_20260810_r12,False
ws-20260903T041335420016Z-rebuild,0339,339,Y2TiO5,61.954362,17.027702572484547,3.6384451593671523,PTE,PTE,Exp.,Exp.,Literature,Exp.,2015,seymourThermalExpansionOrthorhombic2015,orthorhombic,orthorhombic,orthorhombic,orthorhombic,non_cubic,False,non_cubic,existing_non_cubic_classification,True,False,,legacy_master_v11_20260805:0339,legacy_selected_v11_20260805:0339,phase_feature_recomputed_342_20260810_r12,False
ws-20260903T041335420016Z-rebuild,0340,340,Y3Al5O12,98.787433,19.54108632349651,5.055370585063964,PTE,PTE,Exp.,Exp.,Literature,mixed Exp./DFT,2013,liuMethodPreparationThermodynamic2013,cubic,cubic,cubic,cubic,cubic,True,cubic,experimentally_defensible_cubic,True,True,Y3Al5O12 (2013),legacy_master_v11_20260805:0340,legacy_selected_v11_20260805:0340,phase_feature_recomputed_342_20260810_r12,False
ws-20260903T041335420016Z-rebuild,0341,341,YAlO3,106.007805,18.08105762983805,5.862920586297004,PTE,PTE,Exp.,Exp.,Literature,Exp.,2003,vasylechkoCrystalStructureThermal,orthorhombic,orthorhombic,orthorhombic,orthorhombic,non_cubic,False,non_cubic,existing_non_cubic_classification,True,False,,legacy_master_v11_20260805:0341,legacy_selected_v11_20260805:0341,phase_feature_recomputed_342_20260810_r12,False
ws-20260903T041335420016Z-rebuild,0342,342,YAsO4,50.333776,16.194982381967723,3.107985844803639,PTE,PTE,This work,This work,This work,This work,,,tetragonal,tetragonal,tetragonal,tetragonal,non_cubic,False,non_cubic,existing_non_cubic_classification,True,False,,legacy_master_v11_20260805:0342,legacy_selected_v11_20260805:0342,phase_feature_recomputed_342_20260810_r12,False
